fund_id,product_code,asset_category,amount,allocation_pct,total_amount,as_of_date,source_page,method,pct_derived
FUND000052,KR510902511M,주식,5715.0,97.59,5856.0,2024-12-31,48,cell_grid,False
FUND000052,KR510902511M,단기대출및예금,141.0,2.41,5856.0,2024-12-31,48,cell_grid,False
FUND000053,KR510902773M,주식,51981.0,95.97,54164.0,2025-09-30,46,cell_grid,False
FUND000053,KR510902773M,집합투자증권,1298.0,2.4,54164.0,2025-09-30,46,cell_grid,False
FUND000053,KR510902773M,단기대출및예금,843.0,1.56,54164.0,2025-09-30,46,cell_grid,False
FUND000053,KR510902773M,기타,43.0,0.08,54164.0,2025-09-30,46,cell_grid,False
FUND000054,KR510902777M,주식,23446.0,97.32,24093.0,2025-09-30,49,cell_grid,False
FUND000054,KR510902777M,단기대출및예금,604.0,2.51,24093.0,2025-09-30,49,cell_grid,False
FUND000054,KR510902777M,기타,43.0,0.18,24093.0,2025-09-30,49,cell_grid,False
FUND000055,KR5110501016,채권,45583.0,80.67,56508.0,2025-09-30,47,cell_grid,False
FUND000055,KR5110501016,어음,7332.0,12.97,56508.0,2025-09-30,47,cell_grid,False
FUND000055,KR5110501016,단기대출및예금,3593.0,6.36,56508.0,2025-09-30,47,cell_grid,False
FUND000056,KR5110601022,주식,3534.0,96.22,3673.0,2025-06-30,51,cell_grid,False
FUND000056,KR5110601022,단기대출및예금,129.0,3.51,3673.0,2025-06-30,51,cell_grid,False
FUND000056,KR5110601022,기타,10.0,0.27,3673.0,2025-06-30,51,cell_grid,False
FUND000034,KR5111420047,채권,344738.0,66.4,519164.0,2025-04-16,52,cell_grid,False
FUND000034,KR5111420047,어음,104469.0,20.12,519164.0,2025-04-16,52,cell_grid,False
FUND000034,KR5111420047,집합투자증권,30318.0,5.84,519164.0,2025-04-16,52,cell_grid,False
FUND000034,KR5111420047,단기대출및예금,7636.0,1.47,519164.0,2025-04-16,52,cell_grid,False
FUND000034,KR5111420047,기타,32002.0,6.16,519164.0,2025-04-16,52,cell_grid,False
FUND000035,KR5111450067,집합투자증권,207896.0,99.52,208908.0,2025-05-02,58,pdf_text_rows,False
FUND000035,KR5111450067,단기대출및예금,895.0,0.43,208908.0,2025-05-02,58,pdf_text_rows,False
FUND000035,KR5111450067,기타,117.0,0.06,208908.0,2025-05-02,58,pdf_text_rows,False
FUND000086,KR5113420012,채권,209.0,93.9,223.0,2025-02-28,53,cell_grid,False
FUND000086,KR5113420012,집합투자증권,7.0,2.99,223.0,2025-02-28,53,cell_grid,False
FUND000086,KR5113420012,단기대출및예금,4.0,1.76,223.0,2025-02-28,53,cell_grid,False
FUND000086,KR5113420012,기타,3.0,1.35,223.0,2025-02-28,53,cell_grid,False
FUND000087,KR5113420013,채권,425.0,83.99,506.0,2025-02-28,59,cell_grid,False
FUND000087,KR5113420013,어음,10.0,1.88,506.0,2025-02-28,59,cell_grid,False
FUND000087,KR5113420013,집합투자증권,20.0,3.87,506.0,2025-02-28,59,cell_grid,False
FUND000087,KR5113420013,단기대출및예금,20.0,3.96,506.0,2025-02-28,59,cell_grid,False
FUND000087,KR5113420013,기타,32.0,6.3,506.0,2025-02-28,59,cell_grid,False
FUND000087,KR5113420015,채권,425.0,83.99,506.0,2025-02-28,59,cell_grid,False
FUND000087,KR5113420015,어음,10.0,1.88,506.0,2025-02-28,59,cell_grid,False
FUND000087,KR5113420015,집합투자증권,20.0,3.87,506.0,2025-02-28,59,cell_grid,False
FUND000087,KR5113420015,단기대출및예금,20.0,3.96,506.0,2025-02-28,59,cell_grid,False
FUND000087,KR5113420015,기타,32.0,6.3,506.0,2025-02-28,59,cell_grid,False
FUND000088,KR5113420069,채권,48938.0,101.32,48302.0,2025-11-28,64,cell_grid,False
FUND000088,KR5113420069,어음,11354.0,23.51,48302.0,2025-11-28,64,cell_grid,False
FUND000088,KR5113420069,집합투자증권,996.0,2.06,48302.0,2025-11-28,64,cell_grid,False
FUND000088,KR5113420069,단기대출및예금,3414.0,7.07,48302.0,2025-11-28,64,cell_grid,False
FUND000088,KR5113420069,기타,-16400.0,-33.95,48302.0,2025-11-28,64,cell_grid,False
FUND000089,KR5113450111,주식,2336.0,93.53,2497.0,2025-02-28,54,cell_grid,False
FUND000089,KR5113450111,집합투자증권,93.0,3.72,2497.0,2025-02-28,54,cell_grid,False
FUND000089,KR5113450111,단기대출및예금,48.0,1.91,2497.0,2025-02-28,54,cell_grid,False
FUND000089,KR5113450111,기타,21.0,0.85,2497.0,2025-02-28,54,cell_grid,False
FUND000090,KR5113450401,주식,406.0,70.39,577.0,2025-08-29,64,cell_grid,False
FUND000090,KR5113450401,집합투자증권,20.0,3.5,577.0,2025-08-29,64,cell_grid,False
FUND000090,KR5113450401,단기대출및예금,146.0,25.36,577.0,2025-08-29,64,cell_grid,False
FUND000090,KR5113450401,기타,4.0,0.76,577.0,2025-08-29,64,cell_grid,False
FUND000091,KR5113470030,주식,303.0,94.94,319.0,2025-10-31,57,cell_grid,False
FUND000091,KR5113470030,단기대출및예금,12.0,3.87,319.0,2025-10-31,57,cell_grid,False
FUND000091,KR5113470030,기타,4.0,1.19,319.0,2025-10-31,57,cell_grid,False
FUND000091,KR5113470031,주식,303.0,94.94,319.0,2025-10-31,57,cell_grid,False
FUND000091,KR5113470031,단기대출및예금,12.0,3.87,319.0,2025-10-31,57,cell_grid,False
FUND000091,KR5113470031,기타,4.0,1.19,319.0,2025-10-31,57,cell_grid,False
FUND000046,KR5114420016,채권,9322.0,99.33,9385.0,2025-03-31,80,cell_grid,True
FUND000046,KR5114420016,단기대출및예금,20.0,0.21,9385.0,2025-03-31,80,cell_grid,True
FUND000046,KR5114420016,기타,43.0,0.46,9385.0,2025-03-31,80,cell_grid,True
FUND000047,KR5114420022,채권,288.0,99.65,289.0,2024-12-31,53,cell_grid,True
FUND000047,KR5114420022,단기대출및예금,2.0,0.69,289.0,2024-12-31,53,cell_grid,True
FUND000048,KR5114420027,집합투자증권,2116.0,99.91,2118.0,2025-03-31,69,cell_grid,True
FUND000048,KR5114420027,단기대출및예금,2.0,0.09,2118.0,2025-03-31,69,cell_grid,True
FUND000049,KR5114420046,집합투자증권,170.0,99.42,171.0,2025-09-30,43,cell_grid,True
FUND000049,KR5114420046,단기대출및예금,1.0,0.58,171.0,2025-09-30,43,cell_grid,True
FUND000050,KR5114450222,집합투자증권,336.0,98.82,340.0,2024-09-30,57,cell_grid,True
FUND000050,KR5114450222,단기대출및예금,3.0,0.88,340.0,2024-09-30,57,cell_grid,True
FUND000051,KR5114450270,집합투자증권,1566.0,98.18,1595.0,2025-09-30,44,cell_grid,True
FUND000051,KR5114450270,단기대출및예금,28.0,1.76,1595.0,2025-09-30,44,cell_grid,True
FUND000051,KR5114450270,기타,1.0,0.06,1595.0,2025-09-30,44,cell_grid,True
FUND000018,KR5116501001,집합투자증권,391.0,99.59,393.0,2020-12-25,42,cell_grid,False
FUND000018,KR5116501001,단기대출및예금,2.0,0.41,393.0,2020-12-25,42,cell_grid,False
FUND000038,KR5117420097,채권,4202.0,19.15,21943.0,2025-07-31,40,cell_grid,False
FUND000038,KR5117420097,어음,17738.0,80.84,21943.0,2025-07-31,40,cell_grid,False
FUND000038,KR5117420097,단기대출및예금,3.0,0.02,21943.0,2025-07-31,40,cell_grid,False
FUND000076,KR5118201004,채권,24722.2,62.16,39773.0,2025-10-26,54,cell_grid,False
FUND000076,KR5118201004,어음,13441.0,33.79,39773.0,2025-10-26,54,cell_grid,False
FUND000076,KR5118201004,집합투자증권,354.2,0.89,39773.0,2025-10-26,54,cell_grid,False
FUND000076,KR5118201004,단기대출및예금,1240.8,3.12,39773.0,2025-10-26,54,cell_grid,False
FUND000076,KR5118201004,기타,14.9,0.04,39773.0,2025-10-26,54,cell_grid,False
FUND000077,KR5118420006,채권,3267.7,23.24,14061.9,2025-10-21,47,cell_grid,False
FUND000077,KR5118420006,어음,9745.0,69.3,14061.9,2025-10-21,47,cell_grid,False
FUND000077,KR5118420006,집합투자증권,642.0,4.57,14061.9,2025-10-21,47,cell_grid,False
FUND000077,KR5118420006,단기대출및예금,407.2,2.9,14061.9,2025-10-21,47,cell_grid,False
FUND000078,KR5118420036,집합투자증권,205.7,99.99,205.7,2025-01-16,56,pdf_text_rows,False
FUND000078,KR5118420036,단기대출및예금,0.0,0.01,205.7,2025-01-16,56,pdf_text_rows,False
FUND000079,KR5118420062,채권,7944.1,24.92,31877.6,2025-09-15,47,pdf_text_rows,False
FUND000079,KR5118420062,어음,21897.6,68.69,31877.6,2025-09-15,47,pdf_text_rows,False
FUND000079,KR5118420062,집합투자증권,336.7,1.06,31877.6,2025-09-15,47,pdf_text_rows,False
FUND000079,KR5118420062,단기대출및예금,1698.9,5.33,31877.6,2025-09-15,47,pdf_text_rows,False
FUND000079,KR5118420062,기타,0.3,0.0,31877.6,2025-09-15,47,pdf_text_rows,False
FUND000039,KR5119450058,집합투자증권,112.0,95.51,117.0,2025-01-31,50,cell_grid,False
FUND000039,KR5119450058,단기대출및예금,4.0,3.73,117.0,2025-01-31,50,cell_grid,False
FUND000039,KR5119450058,기타,1.0,0.76,117.0,2025-01-31,50,cell_grid,False
FUND000040,KR5119501001,집합투자증권,24.0,97.17,25.0,2025-07-31,35,cell_grid,False
FUND000040,KR5119501001,단기대출및예금,1.0,2.83,25.0,2025-07-31,35,cell_grid,False
FUND000041,KR5119520012,집합투자증권,454.0,97.77,465.0,2025-01-31,50,cell_grid,False
FUND000041,KR5119520012,단기대출및예금,10.0,2.23,465.0,2025-01-31,50,cell_grid,False
FUND000042,KR5120420039,채권,1767339.0,85.52,2066617.0,2025-09-04,62,pdf_text_rows,False
FUND000042,KR5120420039,어음,162703.0,7.87,2066617.0,2025-09-04,62,pdf_text_rows,False
FUND000042,KR5120420039,집합투자증권,22794.0,1.1,2066617.0,2025-09-04,62,pdf_text_rows,False
FUND000042,KR5120420039,파생상품(장내),65.0,0.0,2066617.0,2025-09-04,62,pdf_text_rows,False
FUND000042,KR5120420039,단기대출및예금,113712.0,5.5,2066617.0,2025-09-04,62,pdf_text_rows,False
FUND000042,KR5120420039,기타,3.0,0.0,2066617.0,2025-09-04,62,pdf_text_rows,False
FUND000043,KR5120420091,채권,226846.0,54.45,416583.0,2024-12-20,62,pdf_text_rows,False
FUND000043,KR5120420091,어음,153258.0,36.79,416583.0,2024-12-20,62,pdf_text_rows,False
FUND000043,KR5120420091,단기대출및예금,26578.0,6.38,416583.0,2024-12-20,62,pdf_text_rows,False
FUND000043,KR5120420091,기타,9901.0,2.38,416583.0,2024-12-20,62,pdf_text_rows,False
FUND000044,KR5120450015,집합투자증권,305746.0,96.69,316227.0,2024-12-18,69,cell_grid,False
FUND000044,KR5120450015,단기대출및예금,32.0,0.01,316227.0,2024-12-18,69,cell_grid,False
FUND000044,KR5120450015,기타,10450.0,3.3,316227.0,2024-12-18,69,cell_grid,False
FUND000044,KR5120450018,집합투자증권,305746.0,96.69,316227.0,2024-12-18,69,cell_grid,False
FUND000044,KR5120450018,단기대출및예금,32.0,0.01,316227.0,2024-12-18,69,cell_grid,False
FUND000044,KR5120450018,기타,10450.0,3.3,316227.0,2024-12-18,69,cell_grid,False
FUND000045,KR5120451001,집합투자증권,18592.0,99.23,18737.0,2025-06-03,56,pdf_text_rows,False
FUND000045,KR5120451001,단기대출및예금,84.0,0.45,18737.0,2025-06-03,56,pdf_text_rows,False
FUND000045,KR5120451001,기타,61.0,0.32,18737.0,2025-06-03,56,pdf_text_rows,False
FUND000012,KR5122420005,집합투자증권,20095.0,96.54,20815.0,2025-12-03,54,cell_grid,False
FUND000012,KR5122420005,기타,719.0,3.46,20815.0,2025-12-03,54,cell_grid,False
FUND000080,KR5123365001,집합투자증권,6.3,99.82,6.3,2025-02-22,33,cell_grid,False
FUND000080,KR5123365001,단기대출및예금,0.0,0.18,6.3,2025-02-22,33,cell_grid,False
FUND000081,KR5123420015,집합투자증권,761.9,99.88,762.9,2025-02-26,43,cell_grid,False
FUND000081,KR5123420015,단기대출및예금,0.9,0.12,762.9,2025-02-26,43,cell_grid,False
FUND000082,KR5123420039,집합투자증권,416.8,96.87,430.3,2024-01-20,40,cell_grid,False
FUND000082,KR5123420039,단기대출및예금,13.5,3.13,430.3,2024-01-20,40,cell_grid,False
FUND000083,KR5123420049,채권,9382.9,38.04,24665.2,2024-12-12,42,cell_grid,False
FUND000083,KR5123420049,어음,13355.2,54.15,24665.2,2024-12-12,42,cell_grid,False
FUND000083,KR5123420049,집합투자증권,829.1,3.36,24665.2,2024-12-12,42,cell_grid,False
FUND000083,KR5123420049,파생상품(장내),0.1,0.0,24665.2,2024-12-12,42,cell_grid,False
FUND000083,KR5123420049,단기대출및예금,1098.0,4.45,24665.2,2024-12-12,42,cell_grid,False
FUND000084,KR5123490013,집합투자증권,186.7,95.67,195.2,2017-09-29,52,cell_grid,False
FUND000084,KR5123490013,단기대출및예금,8.4,4.32,195.2,2017-09-29,52,cell_grid,False
FUND000084,KR5123490013,기타,0.0,0.01,195.2,2017-09-29,52,cell_grid,False
FUND000084,KR5123490016,집합투자증권,186.7,95.67,195.2,2017-09-29,52,cell_grid,False
FUND000084,KR5123490016,단기대출및예금,8.4,4.32,195.2,2017-09-29,52,cell_grid,False
FUND000084,KR5123490016,기타,0.0,0.01,195.2,2017-09-29,52,cell_grid,False
FUND000084,KR5123490017,집합투자증권,186.7,95.67,195.2,2017-09-29,52,cell_grid,False
FUND000084,KR5123490017,단기대출및예금,8.4,4.32,195.2,2017-09-29,52,cell_grid,False
FUND000084,KR5123490017,기타,0.0,0.01,195.2,2017-09-29,52,cell_grid,False
FUND000032,KR5125450023,집합투자증권,1108509.0,99.53,1113765.0,2025-05-25,46,cell_grid,False
FUND000032,KR5125450023,단기대출및예금,418.0,0.04,1113765.0,2025-05-25,46,cell_grid,False
FUND000032,KR5125450023,기타,4838.0,0.43,1113765.0,2025-05-25,46,cell_grid,False
FUND000033,KR5125450070,집합투자증권,420717.0,99.55,422621.0,2025-04-24,44,cell_grid,False
FUND000033,KR5125450070,단기대출및예금,84.0,0.02,422621.0,2025-04-24,44,cell_grid,False
FUND000033,KR5125450070,기타,1820.0,0.43,422621.0,2025-04-24,44,cell_grid,False
FUND000021,KR5127420034,채권,1773.0,112.7,1574.0,2024-12-31,37,cell_grid,False
FUND000021,KR5127420034,단기대출및예금,77.0,4.88,1574.0,2024-12-31,37,cell_grid,False
FUND000021,KR5127420034,기타,-277.0,-17.58,1574.0,2024-12-31,37,cell_grid,False
FUND000021,KR5127420039,채권,1773.0,112.7,1574.0,2024-12-31,37,cell_grid,False
FUND000021,KR5127420039,단기대출및예금,77.0,4.88,1574.0,2024-12-31,37,cell_grid,False
FUND000021,KR5127420039,기타,-277.0,-17.58,1574.0,2024-12-31,37,cell_grid,False
FUND000022,KR5127420045,채권,884.0,106.21,833.0,2025-08-20,39,pdf_text_rows,False
FUND000022,KR5127420045,집합투자증권,101.0,12.14,833.0,2025-08-20,39,pdf_text_rows,False
FUND000022,KR5127420045,단기대출및예금,42.0,5.04,833.0,2025-08-20,39,pdf_text_rows,False
FUND000022,KR5127420045,기타,-195.0,-23.39,833.0,2025-08-20,39,pdf_text_rows,False
FUND000023,KR5127420083,채권,770.0,127.22,605.0,2025-09-07,37,pdf_text_rows,False
FUND000023,KR5127420083,단기대출및예금,42.0,6.91,605.0,2025-09-07,37,pdf_text_rows,False
FUND000023,KR5127420083,기타,-207.0,-34.13,605.0,2025-09-07,37,pdf_text_rows,False
FUND000024,KR5127450117,주식,937.0,90.55,1034.0,2025-11-04,39,pdf_text_rows,False
FUND000024,KR5127450117,집합투자증권,5.0,0.43,1034.0,2025-11-04,39,pdf_text_rows,False
FUND000024,KR5127450117,단기대출및예금,95.0,9.14,1034.0,2025-11-04,39,pdf_text_rows,False
FUND000024,KR5127450117,기타,-1.0,-0.13,1034.0,2025-11-04,39,pdf_text_rows,False
FUND000025,KR5127450215,주식,600.0,51.33,1168.0,2025-05-17,40,pdf_text_rows,False
FUND000025,KR5127450215,집합투자증권,307.0,26.24,1168.0,2025-05-17,40,pdf_text_rows,False
FUND000025,KR5127450215,단기대출및예금,257.0,22.03,1168.0,2025-05-17,40,pdf_text_rows,False
FUND000025,KR5127450215,기타,5.0,0.39,1168.0,2025-05-17,40,pdf_text_rows,False
FUND000025,KR5127450217,주식,600.0,51.33,1168.0,2025-05-17,40,pdf_text_rows,False
FUND000025,KR5127450217,집합투자증권,307.0,26.24,1168.0,2025-05-17,40,pdf_text_rows,False
FUND000025,KR5127450217,단기대출및예금,257.0,22.03,1168.0,2025-05-17,40,pdf_text_rows,False
FUND000025,KR5127450217,기타,5.0,0.39,1168.0,2025-05-17,40,pdf_text_rows,False
FUND000026,KR5127450473,주식,157.0,84.95,185.0,2025-11-05,40,pdf_text_rows,False
FUND000026,KR5127450473,단기대출및예금,37.0,19.89,185.0,2025-11-05,40,pdf_text_rows,False
FUND000026,KR5127450473,기타,-9.0,-4.84,185.0,2025-11-05,40,pdf_text_rows,False
FUND000036,KR5129420025,채권,387422.0,78.58,493040.0,2025-03-09,65,pdf_text_rows,False
FUND000036,KR5129420025,어음,71843.0,14.57,493040.0,2025-03-09,65,pdf_text_rows,False
FUND000036,KR5129420025,집합투자증권,14832.0,3.01,493040.0,2025-03-09,65,pdf_text_rows,False
FUND000036,KR5129420025,파생상품(장내),5.0,0.0,493040.0,2025-03-09,65,pdf_text_rows,False
FUND000036,KR5129420025,단기대출및예금,18940.0,3.84,493040.0,2025-03-09,65,pdf_text_rows,False
FUND000037,KR5129420031,집합투자증권,293848.0,97.41,301645.0,2025-11-06,56,cell_grid,False
FUND000037,KR5129420031,단기대출및예금,7798.0,2.59,301645.0,2025-11-06,56,cell_grid,False
FUND000004,KR5131420007,집합투자증권,112808.0,99.0,113949.0,2025-07-18,38,cell_grid,False
FUND000004,KR5131420007,단기대출및예금,1141.0,1.0,113949.0,2025-07-18,38,cell_grid,False
FUND000005,KR5131420025,채권,195273.0,71.3,273894.0,2025-12-27,35,cell_grid,False
FUND000005,KR5131420025,어음,39368.0,14.37,273894.0,2025-12-27,35,cell_grid,False
FUND000005,KR5131420025,단기대출및예금,29749.0,10.86,273894.0,2025-12-27,35,cell_grid,False
FUND000005,KR5131420025,기타,9504.0,3.47,273894.0,2025-12-27,35,cell_grid,False
FUND000010,KR5139420015,집합투자증권,155075.0,99.5,155854.0,2025-06-25,45,cell_grid,False
FUND000010,KR5139420015,단기대출및예금,79.0,0.05,155854.0,2025-06-25,45,cell_grid,False
FUND000010,KR5139420015,기타,700.0,0.45,155854.0,2025-06-25,45,cell_grid,False
FUND000011,KR5139420020,집합투자증권,79995.0,99.41,80473.0,2025-09-29,38,cell_grid,False
FUND000011,KR5139420020,단기대출및예금,78.0,0.1,80473.0,2025-09-29,38,cell_grid,False
FUND000011,KR5139420020,기타,400.0,0.5,80473.0,2025-09-29,38,cell_grid,False
FUND000027,KR5144420020,집합투자증권,4127.0,97.29,4242.0,2025-08-31,56,cell_grid,False
FUND000027,KR5144420020,단기대출및예금,24.0,0.56,4242.0,2025-08-31,56,cell_grid,False
FUND000027,KR5144420020,기타,91.0,2.15,4242.0,2025-08-31,56,cell_grid,False
FUND000028,KR5144420081,채권,1182.0,97.16,1217.0,2025-01-24,58,cell_grid,False
FUND000028,KR5144420081,집합투자증권,29.0,2.36,1217.0,2025-01-24,58,cell_grid,False
FUND000028,KR5144420081,단기대출및예금,4.0,0.33,1217.0,2025-01-24,58,cell_grid,False
FUND000028,KR5144420081,기타,2.0,0.15,1217.0,2025-01-24,58,cell_grid,False
FUND000029,KR5144420091,채권,4260.0,59.02,7218.0,2025-09-13,52,pdf_text_rows,False
FUND000029,KR5144420091,어음,2151.0,29.8,7218.0,2025-09-13,52,pdf_text_rows,False
FUND000029,KR5144420091,집합투자증권,115.0,1.59,7218.0,2025-09-13,52,pdf_text_rows,False
FUND000029,KR5144420091,단기대출및예금,32.0,0.44,7218.0,2025-09-13,52,pdf_text_rows,False
FUND000029,KR5144420091,기타,661.0,9.16,7218.0,2025-09-13,52,pdf_text_rows,False
FUND000030,KR5144450095,주식,5243.0,87.76,5975.0,2025-08-13,54,pdf_text_rows,False
FUND000030,KR5144450095,집합투자증권,12.0,0.2,5975.0,2025-08-13,54,pdf_text_rows,False
FUND000030,KR5144450095,단기대출및예금,713.0,11.94,5975.0,2025-08-13,54,pdf_text_rows,False
FUND000030,KR5144450095,기타,6.0,0.1,5975.0,2025-08-13,54,pdf_text_rows,False
FUND000031,KR5152420028,채권,10116.0,37.81,26758.0,2025-01-12,39,cell_grid,False
FUND000031,KR5152420028,어음,3931.0,14.69,26758.0,2025-01-12,39,cell_grid,False
FUND000031,KR5152420028,단기대출및예금,12011.0,44.89,26758.0,2025-01-12,39,cell_grid,False
FUND000031,KR5152420028,기타,700.0,2.62,26758.0,2025-01-12,39,cell_grid,False
FUND000007,KR515302022M,주식,5375.0,84.63,6351.0,2025-07-07,53,cell_grid,False
FUND000007,KR515302022M,집합투자증권,5.0,0.08,6351.0,2025-07-07,53,cell_grid,False
FUND000007,KR515302022M,단기대출및예금,6.0,0.09,6351.0,2025-07-07,53,cell_grid,False
FUND000007,KR515302022M,기타,965.0,15.19,6351.0,2025-07-07,53,cell_grid,False
FUND000057,KR5153420022,채권,67717.0,93.79,72197.0,2020-12-31,46,cell_grid,False
FUND000057,KR5153420022,집합투자증권,1012.0,1.4,72197.0,2020-12-31,46,cell_grid,False
FUND000057,KR5153420022,단기대출및예금,3468.0,4.8,72197.0,2020-12-31,46,cell_grid,False
FUND000058,KR5153420063,채권,4001.0,87.96,4549.0,2024-12-31,42,cell_grid,False
FUND000058,KR5153420063,어음,266.0,5.85,4549.0,2024-12-31,42,cell_grid,False
FUND000058,KR5153420063,단기대출및예금,282.0,6.19,4549.0,2024-12-31,42,cell_grid,False
FUND000059,KR5153420079,채권,859749.0,91.76,936993.0,2025-06-30,45,cell_grid,False
FUND000059,KR5153420079,집합투자증권,18787.0,2.01,936993.0,2025-06-30,45,cell_grid,False
FUND000059,KR5153420079,단기대출및예금,58457.0,6.24,936993.0,2025-06-30,45,cell_grid,False
FUND000060,KR5153420105,채권,72331.0,91.19,79317.0,2025-09-30,48,cell_grid,False
FUND000060,KR5153420105,집합투자증권,1383.0,1.74,79317.0,2025-09-30,48,cell_grid,False
FUND000060,KR5153420105,단기대출및예금,5604.0,7.07,79317.0,2025-09-30,48,cell_grid,False
FUND000061,KR5153420318,채권,8588.0,96.31,8916.0,2025-09-30,50,cell_grid,False
FUND000061,KR5153420318,집합투자증권,219.0,2.45,8916.0,2025-09-30,50,cell_grid,False
FUND000061,KR5153420318,단기대출및예금,111.0,1.24,8916.0,2025-09-30,50,cell_grid,False
FUND000063,KR5153450009,주식,10385.0,98.14,10581.0,2024-12-31,35,cell_grid,False
FUND000063,KR5153450009,단기대출및예금,104.0,0.98,10581.0,2024-12-31,35,cell_grid,False
FUND000063,KR5153450009,기타,93.0,0.88,10581.0,2024-12-31,35,cell_grid,False
FUND000064,KR5153450112,주식,120155.0,74.88,160467.0,2025-03-31,71,cell_grid,False
FUND000064,KR5153450112,집합투자증권,34612.0,21.57,160467.0,2025-03-31,71,cell_grid,False
FUND000064,KR5153450112,단기대출및예금,2046.0,1.27,160467.0,2025-03-31,71,cell_grid,False
FUND000064,KR5153450112,기타,3654.0,2.28,160467.0,2025-03-31,71,cell_grid,False
FUND000065,KR5153450209,주식,23241.0,97.46,23848.0,2025-06-30,35,cell_grid,False
FUND000065,KR5153450209,단기대출및예금,565.0,2.37,23848.0,2025-06-30,35,cell_grid,False
FUND000065,KR5153450209,기타,41.0,0.17,23848.0,2025-06-30,35,cell_grid,False
FUND000066,KR5153450250,주식,46420.0,94.79,48973.0,2025-06-30,35,cell_grid,False
FUND000066,KR5153450250,집합투자증권,1104.0,2.26,48973.0,2025-06-30,35,cell_grid,False
FUND000066,KR5153450250,단기대출및예금,1310.0,2.67,48973.0,2025-06-30,35,cell_grid,False
FUND000066,KR5153450250,기타,139.0,0.28,48973.0,2025-06-30,35,cell_grid,False
FUND000067,KR5153450268,주식,11994.0,70.62,16984.0,2025-09-30,50,cell_grid,False
FUND000067,KR5153450268,채권,2553.0,15.03,16984.0,2025-09-30,50,cell_grid,False
FUND000067,KR5153450268,집합투자증권,1004.0,5.91,16984.0,2025-09-30,50,cell_grid,False
FUND000067,KR5153450268,단기대출및예금,1433.0,8.44,16984.0,2025-09-30,50,cell_grid,False
FUND000068,KR5153450431,주식,5313.0,80.25,6620.0,2025-06-30,47,cell_grid,False
FUND000068,KR5153450431,집합투자증권,1191.0,17.98,6620.0,2025-06-30,47,cell_grid,False
FUND000068,KR5153450431,단기대출및예금,98.0,1.48,6620.0,2025-06-30,47,cell_grid,False
FUND000068,KR5153450431,기타,19.0,0.29,6620.0,2025-06-30,47,cell_grid,False
FUND000069,KR5153450658,채권,1778.0,89.93,1976.0,2025-09-30,51,cell_grid,False
FUND000069,KR5153450658,단기대출및예금,199.0,10.07,1976.0,2025-09-30,51,cell_grid,False
FUND000070,KR5153450772,주식,24225.0,96.35,25142.0,2025-03-31,50,cell_grid,False
FUND000070,KR5153450772,단기대출및예금,412.0,1.64,25142.0,2025-03-31,50,cell_grid,False
FUND000070,KR5153450772,기타,506.0,2.01,25142.0,2025-03-31,50,cell_grid,False
FUND000071,KR5153450785,주식,989435.0,95.48,1036228.0,2025-12-31,49,cell_grid,False
FUND000071,KR5153450785,단기대출및예금,26440.0,2.55,1036228.0,2025-12-31,49,cell_grid,False
FUND000071,KR5153450785,기타,20353.0,1.96,1036228.0,2025-12-31,49,cell_grid,False
FUND000072,KR5153450791,주식,5213.0,81.7,6380.0,2024-12-31,35,cell_grid,False
FUND000072,KR5153450791,집합투자증권,778.0,12.2,6380.0,2024-12-31,35,cell_grid,False
FUND000072,KR5153450791,단기대출및예금,346.0,5.43,6380.0,2024-12-31,35,cell_grid,False
FUND000072,KR5153450791,기타,43.0,0.68,6380.0,2024-12-31,35,cell_grid,False
FUND000073,KR5153451009,주식,5007.0,97.07,5153.0,2025-09-30,47,cell_grid,False
FUND000073,KR5153451009,단기대출및예금,78.0,1.5,5153.0,2025-09-30,47,cell_grid,False
FUND000073,KR5153451009,기타,73.0,1.42,5153.0,2025-09-30,47,cell_grid,False
FUND000074,KR5153520012,채권,108460.0,81.47,133126.0,2025-09-30,39,cell_grid,False
FUND000074,KR5153520012,어음,2427.0,1.82,133126.0,2025-09-30,39,cell_grid,False
FUND000074,KR5153520012,집합투자증권,2518.0,1.89,133126.0,2025-09-30,39,cell_grid,False
FUND000074,KR5153520012,단기대출및예금,19722.0,14.81,133126.0,2025-09-30,39,cell_grid,False
FUND000008,KR5156450026,집합투자증권,551892.0,96.52,571770.0,2025-12-31,45,pdf_text_rows,False
FUND000008,KR5156450026,단기대출및예금,345.0,0.06,571770.0,2025-12-31,45,pdf_text_rows,False
FUND000008,KR5156450026,기타,19533.0,3.42,571770.0,2025-12-31,45,pdf_text_rows,False
FUND000001,KR5157420003,집합투자증권,292427.0,99.14,294955.0,2025-07-29,51,cell_grid,False
FUND000001,KR5157420003,단기대출및예금,2528.0,0.86,294955.0,2025-07-29,51,cell_grid,False
FUND000002,KR5157450017,주식,467477.0,91.85,508978.0,2025-04-19,51,cell_grid,False
FUND000002,KR5157450017,단기대출및예금,25803.0,5.07,508978.0,2025-04-19,51,cell_grid,False
FUND000002,KR5157450017,기타,15697.0,3.08,508978.0,2025-04-19,51,cell_grid,False
FUND000003,KR5157450090,집합투자증권,97928.0,98.23,99695.0,2025-10-01,67,cell_grid,False
FUND000003,KR5157450090,단기대출및예금,1142.0,1.15,99695.0,2025-10-01,67,cell_grid,False
FUND000003,KR5157450090,기타,624.0,0.63,99695.0,2025-10-01,67,cell_grid,False
FUND000020,KR5160420009,채권,1061552.0,64.56,1644172.0,2024-12-12,43,cell_grid,False
FUND000020,KR5160420009,어음,381094.0,23.18,1644172.0,2024-12-12,43,cell_grid,False
FUND000020,KR5160420009,단기대출및예금,110.0,0.01,1644172.0,2024-12-12,43,cell_grid,False
FUND000020,KR5160420009,기타,201417.0,12.25,1644172.0,2024-12-12,43,cell_grid,False
FUND000017,KR516702010M,집합투자증권,695.0,96.39,721.0,2025-05-20,32,cell_grid,False
FUND000017,KR516702010M,단기대출및예금,23.0,3.18,721.0,2025-05-20,32,cell_grid,False
FUND000017,KR516702010M,기타,3.0,0.43,721.0,2025-05-20,32,cell_grid,False
FUND000013,KR5169950018,집합투자증권,713.0,98.79,721.0,2025-07-11,54,cell_grid,False
FUND000013,KR5169950018,기타,9.0,1.21,721.0,2025-07-11,54,cell_grid,False
FUND000014,KR5172450019,주식,47142.0,97.39,48406.0,2025-03-31,40,pdf_simple_text,False
FUND000014,KR5172450019,집합투자증권,24.0,0.05,48406.0,2025-03-31,40,pdf_simple_text,False
FUND000014,KR5172450019,단기대출및예금,227.0,0.47,48406.0,2025-03-31,40,pdf_simple_text,False
FUND000014,KR5172450019,기타,1013.0,2.09,48406.0,2025-03-31,40,pdf_simple_text,False
FUND000019,KR5174420011,집합투자증권,468.0,98.37,476.0,2024-12-31,37,cell_grid,False
FUND000019,KR5174420011,단기대출및예금,8.0,1.63,476.0,2024-12-31,37,cell_grid,False
FUND000075,KR518101002M,채권,876.0,79.52,1101.0,2025-06-30,40,cell_grid,False
FUND000075,KR518101002M,어음,51.0,4.64,1101.0,2025-06-30,40,cell_grid,False
FUND000075,KR518101002M,집합투자증권,52.0,4.72,1101.0,2025-06-30,40,cell_grid,False
FUND000075,KR518101002M,단기대출및예금,123.0,11.13,1101.0,2025-06-30,40,cell_grid,False
FUND000092,KR518101012M,채권,1597.0,86.52,1845.0,2025-02-28,47,cell_grid,False
FUND000092,KR518101012M,어음,339.0,18.38,1845.0,2025-02-28,47,cell_grid,False
FUND000092,KR518101012M,집합투자증권,206.0,11.16,1845.0,2025-02-28,47,cell_grid,False
FUND000092,KR518101012M,단기대출및예금,174.0,9.41,1845.0,2025-02-28,47,cell_grid,False
FUND000092,KR518101012M,기타,-470.0,-25.47,1845.0,2025-02-28,47,cell_grid,False
FUND000063,KR518102001M,주식,10385.0,98.14,10581.0,2024-12-31,35,cell_grid,False
FUND000063,KR518102001M,단기대출및예금,104.0,0.98,10581.0,2024-12-31,35,cell_grid,False
FUND000063,KR518102001M,기타,93.0,0.88,10581.0,2024-12-31,35,cell_grid,False
FUND000085,KR5185450009,집합투자증권,1094.5,98.86,1107.1,2018-01-29,46,cell_grid,False
FUND000085,KR5185450009,단기대출및예금,1.6,0.14,1107.1,2018-01-29,46,cell_grid,False
FUND000085,KR5185450009,기타,11.1,1.0,1107.1,2018-01-29,46,cell_grid,False
FUND000015,KR5194450018,집합투자증권,90.0,99.73,90.0,2025-01-15,51,cell_grid,False
FUND000015,KR5194450018,단기대출및예금,0.0,0.27,90.0,2025-01-15,51,cell_grid,False
FUND000009,KR555202013M,주식,128264.0,96.49,132934.0,2025-03-10,35,pdf_text_rows,False
FUND000009,KR555202013M,단기대출및예금,234.0,0.18,132934.0,2025-03-10,35,pdf_text_rows,False
FUND000009,KR555202013M,기타,4436.0,3.34,132934.0,2025-03-10,35,pdf_text_rows,False
