product_code,fund_id,doc_id,file_name,duplicate_group_id,duplicate_type,canonical_product_code,is_canonical
KR510902511M,FUND000052,DOC000054,R2_KR510902511M.pdf,,UNIQUE,KR510902511M,true
KR510902773M,FUND000053,DOC000055,R2_KR510902773M.pdf,,UNIQUE,KR510902773M,true
KR510902777M,FUND000054,DOC000056,R2_KR510902777M.pdf,,UNIQUE,KR510902777M,true
KR5110501016,FUND000055,DOC000057,R2_KR5110501016.pdf,,UNIQUE,KR5110501016,true
KR5110601022,FUND000056,DOC000058,R2_KR5110601022.pdf,,UNIQUE,KR5110601022,true
KR5111420047,FUND000034,DOC000036,R2_KR5111420047.pdf,,UNIQUE,KR5111420047,true
KR5111450067,FUND000035,DOC000037,R2_KR5111450067.pdf,,UNIQUE,KR5111450067,true
KR5113420012,FUND000086,DOC000088,R2_KR5113420012.pdf,,UNIQUE,KR5113420012,true
KR5113420013,FUND000087,DOC000089,R2_KR5113420013.pdf,HANKOOK-001,EXACT_FILE,KR5113420013,true
KR5113420015,FUND000087,DOC000089,R2_KR5113420015.pdf,HANKOOK-001,EXACT_FILE,KR5113420013,false
KR5113420069,FUND000088,DOC000090,R2_KR5113420069.pdf,,UNIQUE,KR5113420069,true
KR5113450111,FUND000089,DOC000091,R2_KR5113450111.pdf,,UNIQUE,KR5113450111,true
KR5113450401,FUND000090,DOC000092,R2_KR5113450401.pdf,,UNIQUE,KR5113450401,true
KR5113470030,FUND000091,DOC000093,R2_KR5113470030.pdf,HANKOOK-002,EXACT_FILE,KR5113470030,true
KR5113470031,FUND000091,DOC000093,R2_KR5113470031.pdf,HANKOOK-002,EXACT_FILE,KR5113470030,false
KR5114420016,FUND000046,DOC000048,R2_KR5114420016.pdf,,UNIQUE,KR5114420016,true
KR5114420022,FUND000047,DOC000049,R2_KR5114420022.pdf,,UNIQUE,KR5114420022,true
KR5114420027,FUND000048,DOC000050,R2_KR5114420027.pdf,,UNIQUE,KR5114420027,true
KR5114420046,FUND000049,DOC000051,R2_KR5114420046.pdf,,UNIQUE,KR5114420046,true
KR5114450222,FUND000050,DOC000052,R2_KR5114450222.pdf,,UNIQUE,KR5114450222,true
KR5114450270,FUND000051,DOC000053,R2_KR5114450270.pdf,,UNIQUE,KR5114450270,true
KR5116501001,FUND000018,DOC000018,R2_KR5116501001.pdf,,UNIQUE,KR5116501001,true
KR5117420097,FUND000038,DOC000040,R2_KR5117420097.pdf,,UNIQUE,KR5117420097,true
KR5118201004,FUND000076,DOC000078,R2_KR5118201004.pdf,,UNIQUE,KR5118201004,true
KR5118420006,FUND000077,DOC000079,R2_KR5118420006.pdf,,UNIQUE,KR5118420006,true
KR5118420036,FUND000078,DOC000080,R2_KR5118420036.pdf,,UNIQUE,KR5118420036,true
KR5118420062,FUND000079,DOC000081,R2_KR5118420062.pdf,,UNIQUE,KR5118420062,true
KR5119450058,FUND000039,DOC000041,R2_KR5119450058.pdf,,UNIQUE,KR5119450058,true
KR5119501001,FUND000040,DOC000042,R2_KR5119501001.pdf,,UNIQUE,KR5119501001,true
KR5119520012,FUND000041,DOC000043,R2_KR5119520012.pdf,,UNIQUE,KR5119520012,true
KR5120420039,FUND000042,DOC000044,R2_KR5120420039.pdf,,UNIQUE,KR5120420039,true
KR5120420091,FUND000043,DOC000045,R2_KR5120420091.pdf,,UNIQUE,KR5120420091,true
KR5120450015,FUND000044,DOC000046,R2_KR5120450015.pdf,KYOBOAXA-001,EXACT_FILE,KR5120450015,true
KR5120450018,FUND000044,DOC000046,R2_KR5120450018.pdf,KYOBOAXA-001,EXACT_FILE,KR5120450015,false
KR5120451001,FUND000045,DOC000047,R2_KR5120451001.pdf,,UNIQUE,KR5120451001,true
KR5122420005,FUND000012,DOC000012,R2_KR5122420005.pdf,,UNIQUE,KR5122420005,true
KR5123365001,FUND000080,DOC000082,R2_KR5123365001.pdf,,UNIQUE,KR5123365001,true
KR5123420015,FUND000081,DOC000083,R2_KR5123420015.pdf,,UNIQUE,KR5123420015,true
KR5123420039,FUND000082,DOC000084,R2_KR5123420039.pdf,,UNIQUE,KR5123420039,true
KR5123420049,FUND000083,DOC000085,R2_KR5123420049.pdf,,UNIQUE,KR5123420049,true
KR5123490013,FUND000084,DOC000086,R2_KR5123490013.pdf,KIWOOM-001,EXACT_FILE,KR5123490013,true
KR5123490016,FUND000084,DOC000086,R2_KR5123490016.pdf,KIWOOM-001,EXACT_FILE,KR5123490013,false
KR5123490017,FUND000084,DOC000086,R2_KR5123490017.pdf,KIWOOM-001,EXACT_FILE,KR5123490013,false
KR5125450023,FUND000032,DOC000034,R2_KR5125450023.pdf,,UNIQUE,KR5125450023,true
KR5125450070,FUND000033,DOC000035,R2_KR5125450070.pdf,,UNIQUE,KR5125450070,true
KR5127420034,FUND000021,DOC000021,R2_KR5127420034.pdf,KB-001,EXACT_FILE,KR5127420034,true
KR5127420039,FUND000021,DOC000022,R2_KR5127420039.pdf,KB-001,EXACT_FILE,KR5127420034,false
KR5127420045,FUND000022,DOC000023,R2_KR5127420045.pdf,,UNIQUE,KR5127420045,true
KR5127420083,FUND000023,DOC000024,R2_KR5127420083.pdf,,UNIQUE,KR5127420083,true
KR5127450117,FUND000024,DOC000025,R2_KR5127450117.pdf,,UNIQUE,KR5127450117,true
KR5127450215,FUND000025,DOC000026,R2_KR5127450215.pdf,KB-002,EXACT_FILE,KR5127450215,true
KR5127450217,FUND000025,DOC000027,R2_KR5127450217.pdf,KB-002,EXACT_FILE,KR5127450215,false
KR5127450473,FUND000026,DOC000028,R2_KR5127450473.pdf,,UNIQUE,KR5127450473,true
KR5129420025,FUND000036,DOC000038,R2_KR5129420025.pdf,,UNIQUE,KR5129420025,true
KR5129420031,FUND000037,DOC000039,R2_KR5129420031.pdf,,UNIQUE,KR5129420031,true
KR5131420007,FUND000004,DOC000004,R2_KR5131420007.pdf,,UNIQUE,KR5131420007,true
KR5131420025,FUND000005,DOC000005,R2_KR5131420025.pdf,,UNIQUE,KR5131420025,true
KR5139420015,FUND000010,DOC000010,R2_KR5139420015.pdf,,UNIQUE,KR5139420015,true
KR5139420020,FUND000011,DOC000011,R2_KR5139420020.pdf,,UNIQUE,KR5139420020,true
KR5144420020,FUND000027,DOC000029,R2_KR5144420020.pdf,,UNIQUE,KR5144420020,true
KR5144420081,FUND000028,DOC000030,R2_KR5144420081.pdf,,UNIQUE,KR5144420081,true
KR5144420091,FUND000029,DOC000031,R2_KR5144420091.pdf,,UNIQUE,KR5144420091,true
KR5144450095,FUND000030,DOC000032,R2_KR5144450095.pdf,,UNIQUE,KR5144450095,true
KR5147430065,FUND000006,DOC000006,R2_KR5147430065.pdf,,UNIQUE,KR5147430065,true
KR514X450008,FUND000016,DOC000016,R2_KR514X450008.pdf,,UNIQUE,KR514X450008,true
KR5152420028,FUND000031,DOC000033,R2_KR5152420028.pdf,,UNIQUE,KR5152420028,true
KR515302022M,FUND000007,DOC000007,R2_KR515302022M.pdf,,UNIQUE,KR515302022M,true
KR5153420022,FUND000057,DOC000059,R2_KR5153420022.pdf,,UNIQUE,KR5153420022,true
KR5153420063,FUND000058,DOC000060,R2_KR5153420063.pdf,,UNIQUE,KR5153420063,true
KR5153420079,FUND000059,DOC000061,R2_KR5153420079.pdf,,UNIQUE,KR5153420079,true
KR5153420105,FUND000060,DOC000062,R2_KR5153420105.pdf,,UNIQUE,KR5153420105,true
KR5153420318,FUND000061,DOC000063,R2_KR5153420318.pdf,,UNIQUE,KR5153420318,true
KR5153420339,FUND000062,DOC000064,R2_KR5153420339.pdf,,UNIQUE,KR5153420339,true
KR5153450009,FUND000063,DOC000065,R2_KR5153450009.pdf,MIRAE-001,EXACT_FILE,KR5153450009,true
KR5153450112,FUND000064,DOC000066,R2_KR5153450112.pdf,,UNIQUE,KR5153450112,true
KR5153450209,FUND000065,DOC000067,R2_KR5153450209.pdf,,UNIQUE,KR5153450209,true
KR5153450250,FUND000066,DOC000068,R2_KR5153450250.pdf,,UNIQUE,KR5153450250,true
KR5153450268,FUND000067,DOC000069,R2_KR5153450268.pdf,,UNIQUE,KR5153450268,true
KR5153450431,FUND000068,DOC000070,R2_KR5153450431.pdf,,UNIQUE,KR5153450431,true
KR5153450658,FUND000069,DOC000071,R2_KR5153450658.pdf,,UNIQUE,KR5153450658,true
KR5153450772,FUND000070,DOC000072,R2_KR5153450772.pdf,,UNIQUE,KR5153450772,true
KR5153450785,FUND000071,DOC000073,R2_KR5153450785.pdf,,UNIQUE,KR5153450785,true
KR5153450791,FUND000072,DOC000074,R2_KR5153450791.pdf,,UNIQUE,KR5153450791,true
KR5153451009,FUND000073,DOC000075,R2_KR5153451009.pdf,,UNIQUE,KR5153451009,true
KR5153520012,FUND000074,DOC000076,R2_KR5153520012.pdf,,UNIQUE,KR5153520012,true
KR5156450026,FUND000008,DOC000008,R2_KR5156450026.pdf,,UNIQUE,KR5156450026,true
KR5157420003,FUND000001,DOC000001,R2_KR5157420003.pdf,,UNIQUE,KR5157420003,true
KR5157450017,FUND000002,DOC000002,R2_KR5157450017.pdf,,UNIQUE,KR5157450017,true
KR5157450090,FUND000003,DOC000003,R2_KR5157450090.pdf,,UNIQUE,KR5157450090,true
KR5160420009,FUND000020,DOC000020,R2_KR5160420009.pdf,,UNIQUE,KR5160420009,true
KR516702010M,FUND000017,DOC000017,R2_KR516702010M.pdf,,UNIQUE,KR516702010M,true
KR5169950018,FUND000013,DOC000013,R2_KR5169950018.pdf,,UNIQUE,KR5169950018,true
KR5172450019,FUND000014,DOC000014,R2_KR5172450019.pdf,,UNIQUE,KR5172450019,true
KR5174420011,FUND000019,DOC000019,R2_KR5174420011.pdf,,UNIQUE,KR5174420011,true
KR518101002M,FUND000075,DOC000077,R2_KR518101002M.pdf,,UNIQUE,KR518101002M,true
KR518101012M,FUND000092,DOC000094,R2_KR518101012M.pdf,,UNIQUE,KR518101012M,true
KR518102001M,FUND000063,DOC000065,R2_KR518102001M.pdf,MIRAE-001,EXACT_FILE,KR5153450009,false
KR5185450009,FUND000085,DOC000087,R2_KR5185450009.pdf,,UNIQUE,KR5185450009,true
KR5194450018,FUND000015,DOC000015,R2_KR5194450018.pdf,,UNIQUE,KR5194450018,true
KR555202013M,FUND000009,DOC000009,R2_KR555202013M.pdf,,UNIQUE,KR555202013M,true
