fund_id,product_code,kind,rule_text,source_page
FUND000052,KR510902511M,매입기준가,1. 15시 30분 이전 : 자금을 납입하는 영업일(D)로 부터 제2영업일에 공고되는 기준가격을 적용 2. 15시 30분 경과후 : 자금을 납입하는 영업일(D)로 부터 제3영업일에 공고되는 기준가격을 적용,5
FUND000052,KR510902511M,환매기준가,"1. 15시 30분 이전 : 환매청구일(D)로 부터 제2영업일 에 공고되는 기준가격을 적용하여,제4영업일에 환매 대금을 지급 2. 15시 30분 경과후 : 환매청구일(D)로 부터 제3영업 일에 공고되는 기준가격을 적용하여,제4영업일에 환 매대금을 지급",5
FUND000053,KR510902773M,매입기준가,1. 15시 30분 이전 : 자금을 납입하는 영업일(D)로 부터 제2영업일에 공고되는 기준가격을 적용 2. 15시 30분 경과후 : 자금을 납입하는 영업일(D)로 부터 제3영업일에 공고되는 기준가격을 적용,5
FUND000053,KR510902773M,환매기준가,"1. 15시 30분 이전 : 환매청구일(D)로 부터 제2영업일 에 공고되는 기준가격을 적용하여,제4영업일에 환매 대금을 지급 2. 15시 30분 경과후 : 환매청구일(D)로 부터 제3영업 일에 공고되는 기준가격을 적용하여,제4영업일에 환 매대금을 지급",5
FUND000054,KR510902777M,매입기준가,1. 15시 30분 이전 : 자금을 납입하는 영업일(D)로 부터 제2영업일에 공고되는 기준가격을 적용 2. 15시 30분 경과후 : 자금을 납입하는 영업일(D)로 부터 제3영업일에 공고되는 기준가격을 적용,5
FUND000054,KR510902777M,환매기준가,"1. 15시 30분 이전 : 환매청구일(D)로 부터 제2영업일 에 공고되는 기준가격을 적용하여,제4영업일에 환매 대금을 지급 2. 15시 30분 경과후 : 환매청구일(D)로 부터 제3영업 일에 공고되는 기준가격을 적용하여,제4영업일에 환 매대금을 지급",5
FUND000055,KR5110501016,매입기준가,1. 17시 이전 : 자금을 납입하는 영업일(D)로 부터 제2영업일에 공고되는 기준가격을 적용 2. 17시 경과후 : 자금을 납입하는 영업일(D)로 부터 제3영업일에 공고되는 기준가격을 적용,5
FUND000055,KR5110501016,환매기준가,"1. 17시 이전 : 환매청구일(D)로 부터 제3영업일에 공 고되는 기준가격을 적용하여,제3영업일에 환매대금을 지급 2. 17시 경과후 : 환매청구일(D)로 부터 제4영업일에 공고되는 기준가격을 적용하여,제4영업일에 환매대금 을 지급",5
FUND000056,KR5110601022,매입기준가,1. 15시 30분 이전 : 자금을 납입하는 영업일(D)로 부터 제2영업일에 공고되는 기준가격을 적용 2. 15시 30분 경과후 : 자금을 납입하는 영업일(D)로 부터 제3영업일에 공고되는 기준가격을 적용,5
FUND000056,KR5110601022,환매기준가,"1. 15시 30분 이전 : 환매청구일(D)로 부터 제3영업일 에 공고되는 기준가격을 적용하여,제4영업일에 환매 대금을 지급 2. 15시 30분 경과후 : 환매청구일(D)로 부터 제4영업 일에 공고되는 기준가격을 적용하여,제4영업일에 환 매대금을 지급",5
FUND000034,KR5111420047,매입기준가,· 17시 이전 : 2영업일 기준가 매입 · 17시 경과 후 : 3영업일 기준가 매입,7
FUND000034,KR5111420047,환매기준가,· 17시 이전 : 3영업일 기준가 3영업일 지급 · 17시 경과 후 : 4영업일 기준가 4영업일 지급,7
FUND000035,KR5111450067,매입기준가,· 15시 30분 이전 : 제2영업일 기준가 매입 · 15시 30분 경과 후 : 제3영업일 기준가 매입,7
FUND000035,KR5111450067,환매기준가,· 15시 30분 이전 : 제2영업일 기준가 제4영업일 지급 · 15시 30분 경과 후 : 제3영업일 기준가 제 4영업일 지급,7
FUND000086,KR5113420012,매입기준가,ㆍ오후 5시 이전에 자금을 납입한 경우 : 자금을 납입한 영업일로부터 2영업일 (D+1)에 공고되는 기준가격을 적용하여 매입 ㆍ오후 5시 경과 후에 자금을 납입한 경 우 : 자금을 납입한 영업일로부터 3영업 일(D+2)에 공고되는 기준가격을 적용하 여 매입,7
FUND000086,KR5113420012,환매기준가,ㆍ오후 5시 이전에 환매를 청구한 경우 : 환매청구일로부터 3영업일(D+2)에 공고되 는 기준가격을 적용. 3영업일(D+2)에 관련 세금 등을 공제한 후 환매대금을 지급 ㆍ오후 5시 경과 후에 환매를 청구한 경 우 : 환매청구일로부터 4영업일(D+3)에 공 고되는 기준가격을 적용. 4영업일(D+3)에 관련 세금 등을 공제한 후 환매대금을 지 급,7
FUND000087,KR5113420013,매입기준가,ㆍ오후 5시 이전에 자금을 납입한 경우 : 자금을 납입한 영업일로부터 2영업일 (D+1)에 공고되는 기준가격을 적용하여 매입 ㆍ오후 5시 경과 후에 자금을 납입한 경 우 : 자금을 납입한 영업일로부터 3영업 일(D+2)에 공고되는 기준가격을 적용하 여 매입,7
FUND000087,KR5113420013,환매기준가,ㆍ오후 5시 이전에 환매를 청구한 경우 : 환매청구일로부터 3영업일(D+2)에 공고되 는 기준가격을 적용. 3영업일(D+2)에 관련 세금 등을 공제한 후 환매대금을 지급 ㆍ오후 5시 경과 후에 환매를 청구한 경 우 : 환매청구일로부터 4영업일(D+3)에 공 고되는 기준가격을 적용. 4영업일(D+3)에 관련 세금 등을 공제한 후 환매대금을 지 급,7
FUND000087,KR5113420015,매입기준가,ㆍ오후 5시 이전에 자금을 납입한 경우 : 자금을 납입한 영업일로부터 2영업일 (D+1)에 공고되는 기준가격을 적용하여 매입 ㆍ오후 5시 경과 후에 자금을 납입한 경 우 : 자금을 납입한 영업일로부터 3영업 일(D+2)에 공고되는 기준가격을 적용하 여 매입,7
FUND000087,KR5113420015,환매기준가,ㆍ오후 5시 이전에 환매를 청구한 경우 : 환매청구일로부터 3영업일(D+2)에 공고되 는 기준가격을 적용. 3영업일(D+2)에 관련 세금 등을 공제한 후 환매대금을 지급 ㆍ오후 5시 경과 후에 환매를 청구한 경 우 : 환매청구일로부터 4영업일(D+3)에 공 고되는 기준가격을 적용. 4영업일(D+3)에 관련 세금 등을 공제한 후 환매대금을 지 급,7
FUND000088,KR5113420069,매입기준가,"1) 17시[오후5시] 이전에 자금을 납입한 경우 : 자금을 납입한 영업일로부터 2영업일(D+1)에 공고 되는 수익증권의  2) 17시[오후5시] 경과 후에 자금을 납입한 경우 : 자금을 납입한 영업일로부터 3영업일(D+2)에 공고되는 수익증권의  ※ 수익증권의 판매회사는 전산시스템에 따라 매입 또는 환매업무를 처리한 경우에는 거래전표에 표시된 시점을 매입 또는 환매를 청구한 시점으로 봅니다. 다만, 수익자의 개별적인 매입 또는 환매청구 없이 사전약정에 따라 주기적으로 수익증권의 매입 또는 환매업무가 처리되는 경우 에는 매입 또는 환매의 기준시점 이전에 매입 또는 환매청구가 이루어진 것으로 봅니다. ※ 모투자신탁 수익증권의 매수 집합투자업자는 투자자가 이 투자신탁 수익증권의 취득을 위하여 판매회사에 자금을 납입한 경우 달리 운용하여야 할 특별한 사유가 없는 한 자금을 납입한 당일에 모투자신탁 수익증권의 매수를 청구하여야 합니다.",33
FUND000088,KR5113420069,환매기준가,1) 17시[오후5시] 이전에 환매를 청구한 경우 : 환매를 청구한 날로부터 3영업일(D+2)에 공고되는 수익증권의 기준가격을 적용하여 3영업일(D+2)에 환매금액 지급  환매청구일 기준가격적용일 환매대금지급일 2) 17시[오후5시] 경과 후에 환매를 청구한 경우 : 환매를 청구한 날로부터 4영업일(D+3)에 공고 되는 수익증권의 기준가격을 적용하여 4영업일(D+3)에 환매금액 지급,33
FUND000089,KR5113450111,매입기준가,ㆍ오후 3시 30분 이전에 자금을 납입한 경우 : 자금을 납입한 영업일로부터 2영 업일(D+1)에 공고되는 기준가격을 적용하 여 매입 ㆍ오후 3시 30분 경과 후에 자금을 납입 한 경우 : 자금을 납입한 영업일로부터 3 영업일(D+2)에 공고되는 기준가격을 적용 하여 매입,7
FUND000089,KR5113450111,환매기준가,ㆍ오후 3시 30분 이전에 환매를 청구한 경 우 : 환매청구일로부터 2영업일(D+1)에 공 고되는 기준가격을 적용. 4영업일(D+3)에 관련 세금 등을 공제한 후 환매대금을 지급 ㆍ오후 3시 30분 경과 후에 환매를 청구한 경우 : 환매청구일로부터 3영업일(D+2)에 공고되는 기준가격을 적용. 4영업일(D+3)에 관련 세금 등을 공제한 후 환매대금을 지급,7
FUND000090,KR5113450401,매입기준가,ㆍ오후 3시 30분 이전에 자금을 납입한 경우 : 자금을 납입한 영업일로부터 2영 업일(D+1)에 공고되는 기준가격을 적용 하여 매입 ㆍ오후 3시 30분 경과 후에 자금을 납입 한 경우 : 자금을 납입한 영업일로부터 3 영업일(D+2)에 공고되는 기준가격을 적 용하여 매입,8
FUND000090,KR5113450401,환매기준가,ㆍ오후 3시 30분 이전에 환매를 청구한 경 우 : 환매청구일로부터 2영업일(D+1)에 공 고되는 기준가격을 적용. 4영업일(D+3)에 관련 세금 등을 공제한 후 환매대금을 지 급 ㆍ오후 3시 30분 경과 후에 환매를 청구한 경우 : 환매청구일로부터 3영업일(D+2)에 공고되는 기준가격을 적용. 4영업일(D+3) 에 관련 세금 등을 공제한 후 환매대금을 지급,8
FUND000091,KR5113470030,매입기준가,ㆍ오후 3시 30분 이전에 자금을 납입한 경우 : 자금을 납입한 영업일로부터 2영 업일(D+1)에 공고되는 기준가격을 적용 하여 매입 ㆍ오후 3시 30분 경과 후에 자금을 납입 한 경우 : 자금을 납입한 영업일로부터 3 영업일(D+2)에 공고되는 기준가격을 적 용하여 매입,7
FUND000091,KR5113470030,환매기준가,ㆍ오후 3시 30분 이전에 환매를 청구한 경 우 : 환매청구일로부터 2영업일(D+1)에 공 고되는 기준가격을 적용. 4영업일(D+3)에 관련 세금 등을 공제한 후 환매대금을 지 급 ㆍ오후 3시 30분 경과 후에 환매를 청구한 경우 : 환매청구일로부터 3영업일(D+2)에 공고되는 기준가격을 적용. 4영업일(D+3) 에 관련 세금 등을 공제한 후 환매대금을 지급,7
FUND000091,KR5113470031,매입기준가,ㆍ오후 3시 30분 이전에 자금을 납입한 경우 : 자금을 납입한 영업일로부터 2영 업일(D+1)에 공고되는 기준가격을 적용 하여 매입 ㆍ오후 3시 30분 경과 후에 자금을 납입 한 경우 : 자금을 납입한 영업일로부터 3 영업일(D+2)에 공고되는 기준가격을 적 용하여 매입,7
FUND000091,KR5113470031,환매기준가,ㆍ오후 3시 30분 이전에 환매를 청구한 경 우 : 환매청구일로부터 2영업일(D+1)에 공 고되는 기준가격을 적용. 4영업일(D+3)에 관련 세금 등을 공제한 후 환매대금을 지 급 ㆍ오후 3시 30분 경과 후에 환매를 청구한 경우 : 환매청구일로부터 3영업일(D+2)에 공고되는 기준가격을 적용. 4영업일(D+3) 에 관련 세금 등을 공제한 후 환매대금을 지급,7
FUND000046,KR5114420016,매입기준가,오후 5시 이전에 자금을 납입한 경우 : 자금을 납입한 영업일 로부터 2영업일(D+1)에 공고되는 기준가격을 적용하여 매입 오후 5시 경과 후 자금을 납입한 경우 : 자금을 납입한 영업일 로부터 3영업일(D+2)에 공고되는 기준가격을 적용하여 매입,8
FUND000046,KR5114420016,환매기준가,오후 5시 이전에 환매를 청구한 경우 : 환매청구일로부터 3영 업일(D+2)에 공고되는 기준가격을 적용.3영업일(D+2)에 관련세 금 등을 공제한 후 환매대금을 지급 오후 5시 경과 후에 환매를 청구한 경우 : 환매청구일로부터 4영업일(D+3)에 공고되는 기준가격을 적용.4영업일(D+3)에 관련 세금 등을 공제한 후 환매대금을 지급,8
FUND000047,KR5114420022,매입기준가,오후 5시 이전에 자금을 납입한 경우 : 자금을 납입한 영업일 로부터 2영업일(D+1)에 공고되는 기준가격을 적용하여 매입 오후 5시 경과 후 자금을 납입한 경우 : 자금을 납입한 영업일 로부터 3영업일(D+2)에 공고되는 기준가격을 적용하여 매입,9
FUND000047,KR5114420022,환매기준가,오후 5시 이전에 환매를 청구한 경우 : 환매청구일로부터 3영 업일(D+2)에 공고되는 기준가격을 적용.3영업일(D+2)에 관련세 금 등을 공제한 후 환매대금을 지급 오후 5시 경과 후에 환매를 청구한 경우 : 환매청구일로부터 4영업일(D+3)에 공고되는 기준가격을 적용.4영업일(D+3)에 관련 세금 등을 공제한 후 환매대금을 지급,9
FUND000048,KR5114420027,매입기준가,오후 5시 이전에 자금을 납입한 경우 : 자금을 납입한 영업일 로부터 2영업일(D+1)에 공고되는 기준가격을 적용하여 매입 오후 5시 경과 후 자금을 납입한 경우 : 자금을 납입한 영업일 로부터 3영업일(D+2)에 공고되는 기준가격을 적용하여 매입,9
FUND000048,KR5114420027,환매기준가,오후 5시 이전에 환매를 청구한 경우 : 환매청구일로부터 3영 업일(D+2)에 공고되는 기준가격을 적용.3영업일(D+2)에 관련세 금 등을 공제한 후 환매대금을 지급 오후 5시 경과 후에 환매를 청구한 경우 : 환매청구일로부터 4영업일(D+3)에 공고되는 기준가격을 적용.4영업일(D+3)에 관련 세금 등을 공제한 후 환매대금을 지급,9
FUND000049,KR5114420046,매입기준가,오후 5시 이전에 자금을 납입한 경우 : 자금을 납입한 영업일 로부터 2영업일(D+1)에 공고되는 기준가격을 적용하여 매입 오후 5시 경과 후 자금을 납입한 경우 : 자금을 납입한 영업일 로부터 3영업일(D+2)에 공고되는 기준가격을 적용하여 매입,8
FUND000049,KR5114420046,환매기준가,오후 5시 이전에 환매를 청구한 경우 : 환매청구일로부터 3영 업일(D+2)에 공고되는 기준가격을 적용.3영업일(D+2)에 관련세 금 등을 공제한 후 환매대금을 지급 오후 5시 경과 후에 환매를 청구한 경우 : 환매청구일로부터 4영업일(D+3)에 공고되는 기준가격을 적용.4영업일(D+3)에 관련 세금 등을 공제한 후 환매대금을 지급,8
FUND000050,KR5114450222,매입기준가,오후 3시 30분 이전에 자금을 납입한 경우 : 자금을 납입한 영 업일로부터 2영업일(D+1)에 공고되는 기준가격을 적용하여 매입 오후 3시 30분 경과 후 자금을 납입한 경우 : 자금을 납입한 영 업일로부터 3영업일(D+2)에 공고되는 기준가격을 적용하여 매입,9
FUND000050,KR5114450222,환매기준가,오후 3시 30분 이전에 환매를 청구한 경우 : 환매청구일로부터 2영업일(D+1)에 공고되는 기준가격을 적용.4영업일(D+3)에 관련 세금 등을 공제한 후 환매대금을 지급 오후 3시 30분 경과 후에 환매를 청구한 경우 : 환매청구일로부 터 3영업일(D+2)에 공고되는 기준가격을 적용.4영업일(D+3)에 관련세금 등을 공제한 후 환매대금을 지급,9
FUND000051,KR5114450270,매입기준가,오후 3시 30분 이전에 자금을 납입한 경우 : 자금을 납입한 영 업일로부터 2영업일(D+1)에 공고되는 기준가격을 적용하여 매입 오후 3시 30분 경과 후 자금을 납입한 경우 : 자금을 납입한 영 업일로부터 3영업일(D+2)에 공고되는 기준가격을 적용하여 매입,8
FUND000051,KR5114450270,환매기준가,오후 3시 30분 이전에 환매를 청구한 경우 : 환매청구일로부터 3영업일(D+2)에 공고되는 기준가격을 적용.4영업일(D+3)에 관련 세금 등을 공제한 후 환매대금을 지급 오후 3시 30분 경과 후에 환매를 청구한 경우 : 환매청구일로부 터 4영업일(D+3)에 공고되는 기준가격을 적용.5영업일(D+4)에 관련세금 등을 공제한 후 환매대금을 지급,8
FUND000018,KR5116501001,매입기준가,- 17시 이전에 자금을 납입한 경우 : 자금을 납입한 영업일로부터 제2영업일(D+1) 에 공고되는 기준가격을 적용하여 매입 - 17시 경과 후 자금을 납입한 경우 : 자금을 납입한 영업일로부터 제3영업일(D+2) 에 공고되는 기준가격을 적용하여 매입,7
FUND000018,KR5116501001,환매기준가,(가) 17시(오후 5시) 이전 환매를 청구한 경우 : 환매를 청구한 날로부터 제3영업일(D+2)에 공고되는 당해 종류 기준가격을 적용하여 제3영업 일(D+2)에 관련세금 등을 공제한 후 환매대금을 지급합니다. (나) 17시(오후 5시) 경과 후 환매를 청구한 경우 : 환매를 청구한 날로부터 제4영업일(D+3)에 공고되는 당해 종류 기준가격을 적용하여 제4영업 일(D+3)에 관련세금 등을 공제한 후 환매대금을 지급합니다.,30
FUND000038,KR5117420097,매입기준가,가. 17시 이전: 제2영업일 (D+1)의 기준가격을 적용 나. 17시 경과 후: 제3영업일 (D+2)의 기준가격을 적용,6
FUND000038,KR5117420097,환매기준가,가. 17시 이전: 제2영업일(D+1)의 기준가격으로 제2영업일(D+1)에 지급 나. 17시 경과 후: 제3영업일(D+2)의 기준가격으로 제3영업일(D+2)에 지급,6
FUND000076,KR5118201004,매입기준가,오후 5시 이전에 자금을 납입한 경우: 자금을 납입한 영업일로부터 2영업일(D+1)에 공고되는 기준가격을 적용하여 매입 오후 5시 경과 후 자금을 납입한 경우: 자금을 납입한 영업일로부터 3영업일(D+2)에 공고되는 기준가격을 적용하여 매입,6
FUND000076,KR5118201004,환매기준가,오후 5시 이전에 환매를 청구한 경우: 환매청구일로부터 3영업일(D+2)에 공고되는 기준가격을 적용. 3영업일(D+2)에 관련 세금 등을 공제한 후 환매대금을 지급 오후 5시 경과후에 환매를 청구한 경우: 환매청구일로부터 4영업일(D+3)에 공고되는 기준가격을 적용. 4영업일(D+3)에 관련세금 등을 공제한 후 환매대금을 지급,6
FUND000077,KR5118420006,매입기준가,○17시(오후5시)이전에 자금을 납입한 경우: 자금을 납입한 영업일로부터 2영업일에 공고되는 수 익증권 기준가격  ○17시(오후5시) 경과후에 자금을 납입한 경우: 자금을 납입한 영업일로부터 3영업일에 공고되는 수익증권 기준가격,25
FUND000077,KR5118420006,환매기준가,○ 17시(오후5시)이전에 환매를 청구한 경우: 환매를 청구한 날로부터 2영업일에 공고되는 당해 종류 수익증권 기준가격을 적용하여 환매를 청구한 날로부터 2영업일에 환매대금 지급 ○17시(오후5시)이후에 환매를 청구한 경우: 환매를 청구한 날로부터 3영업일에 공고되는 당해 종 류 수익증권 기준가격을 적용하여 환매를 청구한 날로부터 3영업일에 환매대금 지급,25
FUND000078,KR5118420036,매입기준가,오후 5시 이전에 자금을 납입한 경우: 자금을 납입한 영업일로부터 2영업일(D+1) 에 공고되는 기준가격을 적용하여 매입 오후 5시 경과 후 자금을 납입한 경우: 자금을 납입한 영업일로부터 3영업일(D+2) 에 공고되는 기준가격을 적용하여 매입,6
FUND000078,KR5118420036,환매기준가,오후 5시 이전에 환매를 청구한 경우: 환매청구일로부터 3영업일(D+2)에 공고되는 기준가격을 적용. 3영업일(D+2)에 관련 세금 등을 공제한 후 환매대금을 지급 오후 5시 경과후에 환매를 청구한 경우: 환매청구일로부터 4영업일(D+3)에 공고되는 기준가격을 적용. 4영업일(D+3)에 관련세금 등 을 공제한 후 환매대금을 지급,6
FUND000079,KR5118420062,매입기준가,오후 5시 이전에 자금을 납입한 경우: 자금을 납입한 영업일로부터 2영업일(D+1)에 공고되는 기준가격을 적용하여 매입 오후 5시 경과 후 자금을 납입한 경우: 자금을 납입한 영업일로부터 3영업일(D+2)에 공고되는 기준가격을 적용하여 매입,6
FUND000079,KR5118420062,환매기준가,오후 5시 이전에 환매를 청구한 경우: 환매청구일로부터 3영업일(D+2)에 공고되는 기준가격을 적용. 3영업일(D+2)에 관련세금 등을 공제한 후 환매대금을 지급 오후 5시 경과후에 환매를 청구한 경우: 환매청구일로부터 4영업일(D+3)에 공고되는 기준가격을 적용. 4영업일(D+3)에 관련세금 등을 공제한 후 환매대금을 지급,6
FUND000039,KR5119450058,매입기준가,가. 15시30분 이전: 제2영업일 (D+1)의 기준가격을 적용 나. 15시30분 경과 후: 제3영업일 (D+2)의 기준가격을 적용,8
FUND000039,KR5119450058,환매기준가,가. 15시30분 이전: 제2영업일(D+1)의 기준가격으로 제4영업일(D+3)에 지급 나. 15시30분 경과 후: 제3영업일(D+2)의 기준가격으로 제4영업일(D+3)에 지급,8
FUND000040,KR5119501001,매입기준가,가. 17시 이전: 제2영업일 (D+1)의 기준가격을 적용 나. 17시 경과 후: 제3영업일 (D+2)의 기준가격을 적용,6
FUND000040,KR5119501001,환매기준가,가. 17시 이전: 제3영업일(D+2)의 기준가격으로 제3영업일(D+2)에 지급 나. 17시 경과 후: 제4영업일(D+3)의 기준가격으로 제4영업일(D+3)에 지급,6
FUND000041,KR5119520012,매입기준가,가. 17시 이전: 제2영업일 (D+1)의 기준가격을 적용 나. 17시 경과 후: 제3영업일 (D+2)의 기준가격을 적용,7
FUND000041,KR5119520012,환매기준가,가. 17시 이전: 제3영업일(D+2)의 기준가격으로 제3영업일(D+2)에 지급 나. 17시 경과 후: 제4영업일(D+3)의 기준가격으로 제4영업일(D+3)에 지급,7
FUND000042,KR5120420039,매입기준가,ㆍ오후 5시(17시) 이전 자금을 납입한 경우 : 자금 을 납입한 영업일의 다음 영업일(D+1)에 공고되는 수익증권의 기준가격을 적용 ㆍ오후 5시(17시) 경과 후 자금을 납입한 경우 : 자 금을 납입한 영업일로부터 제3영업일(D+2)에 공고되 는 수익증권의 기준가격을 적용,8
FUND000042,KR5120420039,환매기준가,ㆍ오후5시(17시) 이전 환매를 청구한 경우 : 환매를 청구한 날로부터 제3영업일(D+2)의 수익증권의 기준가격을 적용하여 제3영업일(D+2)에 환매금액 지급 ㆍ오후5시(17시) 경과 후 환매를 청구 한 경우 : 환매를 청구한 날로부터 제 4영업일(D+3)의 수익증권의 기준가격 을 적용하여 제4영업일(D+3)에 환매 금액 지급,8
FUND000043,KR5120420091,매입기준가,ㆍ오후 5시(17시) 이전 자금을 납입한 경우 : 자금을 납입한 영업일로부터 2 영업일(D+1)에 공고되는 수익증권의 기 준가격을 적용 ㆍ오후 5시(17시) 경과 후 자금을 납입 한 경우 : 자금을 납입한 영업일로부터 3영업일(D+2)에 공고되는 수익증권의 기준가격을 적용,8
FUND000043,KR5120420091,환매기준가,"①오후5시(17시) 이전 환매를 청구한 경우 : 환매를 청구한 날로부터 2영업일(D+1)의 수익증권의 기준가격 을 적용하여 2영업일(D+1)에 환매금액 지급 * 환매대금 실수령일은 환매청구 후 2영업일임을 유의하시기 바랍니다. ②오후5시(17시) 경과 후 환매를 청구한 경우 : 환매를 청구한 날로부터 3영업일(D+2)의 수익증권의 기준 가격을 적용하여 3영업일(D+2)에 환매금액 지급 * 환매대금 실수령일은 환매청구 후 3영업일임을 유의하시기 바랍니다. ③판매회사가 해산ㆍ허가취소, 업무정지 등의 사유(이하 “해산등”)로 인하여 환매청구에 응할 수 없는 경우 에는 집합투자업자에 직접 청구할 수 있으며, 집합투자업자가 해산 등으로 인하여 환매에 응할 수 없는 경우에는 신탁업자에 직접 청구할 수 있습니다. 주1) 집합투자증권 환매청구의 취소(정정)은 당일17시[오후5시]이전까지만 가능합니다. 다만, 17시[오후5시] 경과 후 환매청구는 당일 판매회사의 영업가능 시간까지 취소(정정) 가능합니다. 주2) 기준시점은 판매회사의 전산시스템에 의하여 거래전표에 표시된 시간으로 구분 처리합니다.",32
FUND000044,KR5120450015,매입기준가,ㆍ오후 3시 30분(15시 30분) 이전 자금을 납입한 경우 : 자금을 납 입한 영업일로부터 제2영업일 (D +1)에 공고되는 수익증권의 기준 가격을 적용 ㆍ오후 3시 30분(15시 30분) 경과 후 자금을 납입한 경우 : 자금을 납입한 영업일로부터 제3영업일( D+2)에 공고되는 수익증권의 기 준가격을 적용,8
FUND000044,KR5120450015,환매기준가,ㆍ오후 3시 30분(15시 30분) 이전 환매를 청구한 경우 : 환매를 청구한 날로부터 제2영업일(D+1)의 수익증권의 기준가격 을 적용하여 제4영업일(D+3)에 환매금액 지급 ㆍ오후 3시 30분(15시 30분) 경과 후 환매 를 청구한 경우 : 환매를 청구한 날로부 터 제3영업일(D+2)의 수익증권의 기준가 격을 적용하여 제4영업일(D+3)에 환매금 액 지급,8
FUND000044,KR5120450018,매입기준가,ㆍ오후 3시 30분(15시 30분) 이전 자금을 납입한 경우 : 자금을 납 입한 영업일로부터 제2영업일 (D +1)에 공고되는 수익증권의 기준 가격을 적용 ㆍ오후 3시 30분(15시 30분) 경과 후 자금을 납입한 경우 : 자금을 납입한 영업일로부터 제3영업일( D+2)에 공고되는 수익증권의 기 준가격을 적용,8
FUND000044,KR5120450018,환매기준가,ㆍ오후 3시 30분(15시 30분) 이전 환매를 청구한 경우 : 환매를 청구한 날로부터 제2영업일(D+1)의 수익증권의 기준가격 을 적용하여 제4영업일(D+3)에 환매금액 지급 ㆍ오후 3시 30분(15시 30분) 경과 후 환매 를 청구한 경우 : 환매를 청구한 날로부 터 제3영업일(D+2)의 수익증권의 기준가 격을 적용하여 제4영업일(D+3)에 환매금 액 지급,8
FUND000045,KR5120451001,매입기준가,ㆍ 오후 3시 30분(15시 30분) 이전 자금을 납입한 경우 : 자금을 납입 한 영업일의 다음 영업일(D+1)에 공고되는 수익증권의 기준가격을 적용 • 오후 3시 30분(15시 30분) 경과 후 자금을 납입한 경우 : 자금을 납입한 영업일로부터 제3영업일(D +2)에 공고되는 수익증권의 기준 가격을 적용,8
FUND000045,KR5120451001,환매기준가,ㆍ 오후 3시 30분(15시 30분) 이전 환 매를 청구한 경우 : 환매를 청구한 날 로부터 제2영업일(D+1)의 수익증권의 기준가격을 적용하여 제4영업일(D+3) 에 환매금액 지급 ㆍ 오후 3시 30분(15시 30분) 경과 후 환매를 청구한 경우 : 환매를 청구한 날로부터 제3영업일(D+2)의 수익증권 의 기준가격을 적용하여 제4영업일 (D+3)에 환매금액 지급,8
FUND000012,KR5122420005,매입기준가,오후 5시 이전에 자금을 납입한 경우 : 자금을 납입한 영업일로부터 제2영업일(D+1)에 공 고되는 기준가격을 적용하여 매입 오후 5시 경과 후 자금을 납입한 경우 : 자금을 납입한 영업일로부터 제3영업일(D+2)에 공 고되는 기준가격을 적용하여 매입,6
FUND000012,KR5122420005,환매기준가,오후 5시 이전에 환매를 청구한 경우 : 환매청구일로부터 제3영업일(D+2)에 공고되는 기준가격을 적용. 제3영업일(D+2)에 관련 세 금 등을 공제한 후 환매대금을 지급 오후 5시 경과후에 환매를 청구한 경우 : 환매청구일로부터 제4영업일(D+3)에 공고되는 기준가격을 적용. 제4영업일(D+3)에 관련 세 금 등을 공제한 후 환매대금을 지급,6
FUND000080,KR5123365001,매입기준가,∙ 오후 5시 이전에 자금을 납입한 경우: 자금을 납입한 영업일로부터 제2영업 일 (D+1)에 공고되는 기준가격을 적 용 ∙ 오후 5시 경과 후에 자금을 납입한 경우: 자금을 납입한 영업일로부터 제3영업일 (D+2)에 공고되는 기준가 격을 적용,4
FUND000080,KR5123365001,환매기준가,"환매청구시 적용되는 기준가격은 아래와 같으며, 기준시점은 판매회사의 전산시스템에 의하여 거래전표에 표시된 시간으로 구분하여 처리합니다. ① 오후 5시 이전에 환매를 청구한 경우: 환매청구일로부터 제3영업일(D+2)에 공고되는 기준가격을 적용하여 제3영업일(D+2)에 관련세금등을 공제한 후 판매회사를 경유하여 환매대금을 지급합니다. ② 오후 5시 경과 후에 환매를 청구한 경우: 환매청구일로부터 제4영업일(D+3)에 공고되는 기준가격을 적용하여 제4영업일(D+3)에 관련세금등을 공제한 후 판매회사를 경유하여 환매대금을 지급합니다.",18
FUND000081,KR5123420015,매입기준가,∙ 오후 5시 이전에 자금을 납입한 경 우: 자금을 납입한 영업일로부터 2 영업일 (D+1)에 공고되는 기준가격 을 적용 ∙ 오후 5시 경과 후에 자금을 납입한 경우: 자금을 납입한 영업일로부터 3영업일 (D+2)에 공고되는 기준가격 을 적용,5
FUND000081,KR5123420015,환매기준가,∙ 오후 5시 이전에 환매를 청구한 경 우: 환매를 청구한 날로부터 3영업 일(D+2)에 공고되는 기준가격을 적 용하여 3영업일(D+2)에 관련세금등 을 공제한 후 판매회사를 경유하여 환매대금을 지급 ∙ 오후 5시 경과 후에 환매를 청구한 경우: 환매를 청구한 날로부터 4영 업일(D+3)에 공고되는 기준가격을 적용하여 4영업일(D+3)에 관련세금 등을 공제한 후 판매회사를 경유하 여 환매대금을 지급,5
FUND000082,KR5123420039,매입기준가,∙ 오후 3시 이전에 자금을 납입한 경 우: 자금을 납입한 영업일로부터 제 2영업일(D+1)에 공고되는 기준가격 을 적용 ∙ 오후 3시 경과 후에 자금을 납입한 경우: 자금을 납입한 영업일로부터 제3영업일(D+2)에 공고되는 기준가 격을 적용,6
FUND000082,KR5123420039,환매기준가,∙ 오후 3시 이전에 환매를 청구한 경 우: 환매를 청구한 날로부터 제3영업일(D+2)에 공고되는 기준가격을 적용하여 제3영업일(D+2)에 관련세 금등을 공제한 후 판매회사를 경유 하여 환매대금을 지급 ∙ 오후 3시 경과 후에 환매를 청구한 경우: 환매를 청구한 날로부터 제4 영업일(D+3)에 공고되는 기준가격을 적용하여 제4영업일(D+3)에 관련세 금등을 공제한 후 판매회사를 경유 하여 환매대금을 지급,6
FUND000083,KR5123420049,매입기준가,∙ 17시 이전에 자금을 납입한 경우: 자 금을 납입한 영업일로부터 제2영업 일 (D+1)에 공고되는 기준가격을 적 용 ∙ 17시 경과 후에 자금을 납입한 경우: 자금을 납입한 영업일로부터 제3영업일 (D+2)에 공고되는 기준가격을 적용,5
FUND000083,KR5123420049,환매기준가,∙ 17시 이전에 환매를 청구한 경우: 환 매를 청구한 날로부터 제3영업일 (D+2)에 공고되는 기준가격을 적용 하여 제3영업일(D+2)에 관련세금등 을 공제한 후 판매회사를 경유하여 환매대금을 지급 ∙ 17시 경과 후에 환매를 청구한 경우: 환매를 청구한 날로부터 제4영업일 (D+3)에 공고되는 기준가격을 적용 하여 제4영업일(D+3)에 관련세금등 을 공제한 후 판매회사를 경유하여 환매대금을 지급,5
FUND000084,KR5123490013,매입기준가,∙ 오후 3시 30분 이전에 자금을 납입한 경우: 자금을 납입한 영업일로부터 제2영업일 (D+1)에 공고되는 기준가 격을 적용 ∙ 오후 3시 30분 경과 후에 자금을 납 입한 경우: 자금을 납입한 영업일로 부터 제3영업일 (D+2)에 공고되는 기준가격을 적용,7
FUND000084,KR5123490013,환매기준가,∙ 오후 3시 30분 이전에 환매를 청구한 경우: 환매를 청구한 날로부터 제2 영업일(D+1)에 공고되는 기준가격을 적용하여 제4영업일(D+3)에 관련세 금등을 공제한 후 판매회사를 경유 하여 환매대금을 지급합니다. ∙ 오후 3시 30분 경과 후에 환매를 청 구한 경우: 환매를 청구한 날로부터 제3영업일(D+2)에 공고되는 기준가 격을 적용하여 제4영업일(D+3)에 관 련세금등을 공제한 후 판매회사를 경유하여 환매대금을 지급합니다.,7
FUND000084,KR5123490016,매입기준가,∙ 오후 3시 30분 이전에 자금을 납입한 경우: 자금을 납입한 영업일로부터 제2영업일 (D+1)에 공고되는 기준가 격을 적용 ∙ 오후 3시 30분 경과 후에 자금을 납 입한 경우: 자금을 납입한 영업일로 부터 제3영업일 (D+2)에 공고되는 기준가격을 적용,7
FUND000084,KR5123490016,환매기준가,∙ 오후 3시 30분 이전에 환매를 청구한 경우: 환매를 청구한 날로부터 제2 영업일(D+1)에 공고되는 기준가격을 적용하여 제4영업일(D+3)에 관련세 금등을 공제한 후 판매회사를 경유 하여 환매대금을 지급합니다. ∙ 오후 3시 30분 경과 후에 환매를 청 구한 경우: 환매를 청구한 날로부터 제3영업일(D+2)에 공고되는 기준가 격을 적용하여 제4영업일(D+3)에 관 련세금등을 공제한 후 판매회사를 경유하여 환매대금을 지급합니다.,7
FUND000084,KR5123490017,매입기준가,∙ 오후 3시 30분 이전에 자금을 납입한 경우: 자금을 납입한 영업일로부터 제2영업일 (D+1)에 공고되는 기준가 격을 적용 ∙ 오후 3시 30분 경과 후에 자금을 납 입한 경우: 자금을 납입한 영업일로 부터 제3영업일 (D+2)에 공고되는 기준가격을 적용,7
FUND000084,KR5123490017,환매기준가,∙ 오후 3시 30분 이전에 환매를 청구한 경우: 환매를 청구한 날로부터 제2 영업일(D+1)에 공고되는 기준가격을 적용하여 제4영업일(D+3)에 관련세 금등을 공제한 후 판매회사를 경유 하여 환매대금을 지급합니다. ∙ 오후 3시 30분 경과 후에 환매를 청 구한 경우: 환매를 청구한 날로부터 제3영업일(D+2)에 공고되는 기준가 격을 적용하여 제4영업일(D+3)에 관 련세금등을 공제한 후 판매회사를 경유하여 환매대금을 지급합니다.,7
FUND000032,KR5125450023,매입기준가,오후 3시 30분 이전에 자금을 납입한 경우: 자금을 납입한 영업일로부터 제2영업일(D+1)에 공고되는 기준가격을 적용하여 매입 오후 3시 30분 경과 후 자금을 납입한 경우: 자금을 납입한 영업일로부터 제3영업일(D+2)에 공고되는 기준가격을 적용하여 매입,5
FUND000032,KR5125450023,환매기준가,오후 3시 30분 이전에 환매를 청구한 경우 : 환매청구일로부터 제2영업일(D+1)에 공고되는 기준가격을 적용. 제4영업일(D+3)에 관련 세금 등을 공제한 후 환매대금을 지급 오후 3시 30분 경과 후에 환매를 청구한 경우 : 환매청구일로부터 제3영업일(D+2)에 공고되는 기준가격을 적용. 제4영업일(D+3)에 관련세금 등을 공제한 후 환매대금을 지급,5
FUND000033,KR5125450070,매입기준가,오후 3시 30분 이전에 자금을 납입한 경우: 자금을 납입한 영업일로부터 제2영업일(D+1)에 공고되는 기준가격을 적용하여 매입 오후 3시 30분 경과 후 자금을 납입한 경우: 자금을 납입한 영업일로부터 제3영업일(D+2)에 공고되는 기준가격을 적용하여 매입,5
FUND000033,KR5125450070,환매기준가,오후 3시 30분 이전에 환매를 청구한 경우 : 환매청구일로부터 제2영업일(D+1)에 공고되는 기준가격을 적용. 제4영업일(D+3)에 관련 세금 등을 공제한 후 환매대금을 지급 오후 3시 30분 경과 후에 환매를 청구한 경우 : 환매청구일로부터 제3영업일(D+2)에 공고되는 기준가격을 적용. 제4영업일(D+3)에 관련세금 등을 공제한 후 환매대금을 지급,5
FUND000021,KR5127420034,매입기준가,"(단, 이 투자신탁을 최초로 설정하는 때에는 투자신탁 최초설 정일의 기준가격은 1,000좌당 1,000원으로 함) 1) 17시(오후 5시) 이전에 자금을 납입한 경우: 자금을 납입한 영업일(T)의 다음 영업일(T+1)에 공고되는 기준가격을 적용 2) 17시(오후 5시) 경과 후에 자금을 납입한 경우: 자금을 납입한 영업일(T)로부터 제3영업일(T+2)에 공고 되는 기준가격을 적용  17시(오후 5시)  17시(오후 5시)  ※ 기준시점은 판매회사의 전산시스템에 의하여 거래전표에 표시된 시간으로 구분 처리합니다. ※ 매입청구의 취소 및 정정은 매입청구일 당일 중 판매회사의 영업가능 시간까지만 매입청구의 취소 및 정정이 가능합니다.",19
FUND000021,KR5127420034,환매기준가,1) 17시(오후 5시) 이전에 환매를 청구한 경우: 환매를 청구한 날(T)로부터 제3영업일(T+2)의 기준가격을 적용하여 환매청구일로부터 제3영업일(T+2)에 환매금액 지급 2) 17시(오후 5시) 경과 후에 환매를 청구한 경우: 환매를 청구한 날(T)로부터 제4영업일(T+3)의 기준가격 을 적용하여 환매청구일로부터 제4영업일(T+3)에 환매금액 지급  17시(오후 5시) 기준가격 적용일 환매청구일 이전 환매시 환매대금 지급일 17시(오후 5시) 기준가격 적용일 환매청구일 경과 후 환매시 환매대금 지급일 ※ 기준시점은 판매회사의 전산시스템에 의하여 거래전표에 표시된 시간으로 구분 처리합니다. - 21 - ※ 환매청구의 취소 및 정정은 환매청구일 당일 중 판매회사의 영업가능 시간까지만 환매청구의 취소 및 정정이 가능합니다.,21
FUND000021,KR5127420039,매입기준가,"(단, 이 투자신탁을 최초로 설정하는 때에는 투자신탁 최초설 정일의 기준가격은 1,000좌당 1,000원으로 함) 1) 17시(오후 5시) 이전에 자금을 납입한 경우: 자금을 납입한 영업일(T)의 다음 영업일(T+1)에 공고되는 기준가격을 적용 2) 17시(오후 5시) 경과 후에 자금을 납입한 경우: 자금을 납입한 영업일(T)로부터 제3영업일(T+2)에 공고 되는 기준가격을 적용  17시(오후 5시)  17시(오후 5시)  ※ 기준시점은 판매회사의 전산시스템에 의하여 거래전표에 표시된 시간으로 구분 처리합니다. ※ 매입청구의 취소 및 정정은 매입청구일 당일 중 판매회사의 영업가능 시간까지만 매입청구의 취소 및 정정이 가능합니다.",19
FUND000021,KR5127420039,환매기준가,1) 17시(오후 5시) 이전에 환매를 청구한 경우: 환매를 청구한 날(T)로부터 제3영업일(T+2)의 기준가격을 적용하여 환매청구일로부터 제3영업일(T+2)에 환매금액 지급 2) 17시(오후 5시) 경과 후에 환매를 청구한 경우: 환매를 청구한 날(T)로부터 제4영업일(T+3)의 기준가격 을 적용하여 환매청구일로부터 제4영업일(T+3)에 환매금액 지급  17시(오후 5시) 기준가격 적용일 환매청구일 이전 환매시 환매대금 지급일 17시(오후 5시) 기준가격 적용일 환매청구일 경과 후 환매시 환매대금 지급일 ※ 기준시점은 판매회사의 전산시스템에 의하여 거래전표에 표시된 시간으로 구분 처리합니다. - 21 - ※ 환매청구의 취소 및 정정은 환매청구일 당일 중 판매회사의 영업가능 시간까지만 환매청구의 취소 및 정정이 가능합니다.,21
FUND000022,KR5127420045,매입기준가,"(단, 이 투자신탁을 최초로 설정하는 때에는 투자신탁 최초설 정일의 기준가격은 1,000좌당 1,000원으로 함) 1) 17시(오후 5시) 이전에 자금을 납입한 경우: 자금을 납입한 영업일(T)의 다음 영업일(T+1)에 공고되는 기 준가격을 적용 2) 17시(오후 5시) 경과 후에 자금을 납입한 경우: 자금을 납입한 영업일(T)로부터 제3영업일(T+2)에 공고되 는 기준가격을 적용  17시(오후 5시)  17시(오후 5시)  ※ 기준시점은 판매회사의 전산시스템에 의하여 거래전표에 표시된 시간으로 구분 처리합니다. ※ 매입청구의 취소 및 정정은 매입청구일 당일 중 판매회사의 영업가능 시간까지만 매입청구의 취소 및 정정이 가능합니다.",21
FUND000022,KR5127420045,환매기준가,1) 17시(오후 5시) 이전에 환매를 청구한 경우: 환매를 청구한 날(T)로부터 제3영업일(T+2)의 기준가격을 적 용하여 환매청구일로부터 제3영업일(T+2)에 환매금액 지급 2) 17시(오후 5시) 경과 후에 환매를 청구한 경우: 환매를 청구한 날(T)로부터 제4영업일(T+3)의 기준가격을 적용하여 환매청구일로부터 제4영업일(T+3)에 환매금액 지급  17시(오후 5시) 기준가격 적용일 환매청구일 이전 환매시 환매대금 지급일 17시(오후 5시) 기준가격 적용일 환매청구일 경과 후 환매시 환매대금 지급일 - 23 - ※ 기준시점은 판매회사의 전산시스템에 의하여 거래전표에 표시된 시간으로 구분 처리합니다. ※ 환매청구의 취소 및 정정은 환매청구일 당일 중 판매회사의 영업가능 시간까지만 환매청구의 취소 및 정정이 가능합니다.,22
FUND000023,KR5127420083,매입기준가,"(단, 이 투자신탁을 최초로 설정하는 때에는 투자신탁 최초설 정일의 기준가격은 1,000좌당 1,000원으로 함) 1) 17시(오후 5시) 이전에 자금을 납입한 경우: 자금을 납입한 영업일(T)의 제2영업일(T+1)에 공고되는 기 준가격을 적용 2) 17시(오후 5시) 경과 후에 자금을 납입한 경우: 자금을 납입한 영업일(T)로부터 제3영업일(T+2)에 공고 되는 기준가격을 적용  17시(오후 5시)  17시(오후 5시)  ※ 기준시점은 판매회사의 전산시스템에 의하여 거래전표에 표시된 시간으로 구분 처리합니다. ※ 매입청구의 취소 및 정정은 매입청구일 당일 중 판매회사의 영업가능 시간까지만 매입청구의 취소 및 정정이 가능합니다.",20
FUND000023,KR5127420083,환매기준가,1) 17시(오후 5시) 이전에 환매를 청구한 경우: 환매를 청구한 날(T)로부터 제3영업일(T+2)의 기준가격을 적용하여 환매청구일로부터 제3영업일(T+2)에 환매금액 지급 2) 17시(오후 5시) 경과 후에 환매를 청구한 경우: 환매를 청구한 날(T)로부터 제4영업일(T+3)의 기준가격 을 적용하여 환매청구일로부터 제4영업일(T+3)에 환매금액 지급  17시(오후 5시) 기준가격 적용일 환매청구일 이전 환매시 환매대금 지급일 17시(오후 5시) 기준가격 적용일 환매청구일 경과 후 환매시 환매대금 지급일 ※ 기준시점은 판매회사의 전산시스템에 의하여 거래전표에 표시된 시간으로 구분 처리합니다. ※ 환매청구의 취소 및 정정은 환매청구일 당일 중 판매회사의 영업가능 시간까지만 환매청구의 취소 및 정정이 가능합니다.,21
FUND000024,KR5127450117,매입기준가,"(단, 이 투자신탁을 최초로 설정하는 때에는 투자신탁 최초설 정일의 기준가격은 1,000좌당 1,000원으로 함) 1) 15시 30분(오후 3시 30분) 이전에 자금을 납입한 경우: 자금을 납입한 영업일(T)의 다음 영업일(T+1)에 공고되는 기준가격을 적용 2) 15시 30분(오후 3시 30분) 경과 후에 자금을 납입한 경우: 자금을 납입한 영업일(T)로부터 제3영업일 (T+2)에 공고되는 기준가격을 적용  15시 30분  15시 30분  ※ 기준시점은 판매회사의 전산시스템에 의하여 거래전표에 표시된 시간으로 구분 처리합니다. ※ 매입청구의 취소 및 정정은 매입청구일 당일 15시 30분 이전까지만 가능합니다. 다만, 15시 30분 경과 후 매입청구를 한 경우 에는 당일 중 판매회사의 영업가능 시간까지만 매입청구의 취소 및 정정이 가능합니다.",20
FUND000024,KR5127450117,환매기준가,"1) 15시 30분(오후 3시 30분) 이전에 환매를 청구한 경우: 환매를 청구한 날(T)로부터 제2영업일(T+1)의 기준가격을 적용하여 환매청구일로부터 제4영업일(T+3)에 환매금액 지급 2) 15시 30분(오후 3시 30분) 경과 후에 환매를 청구한 경우: 환매를 청구한 날(T)로부터 제3영업일(T+2) 의 기준가격을 적용하여 환매청구일로부터 제4영업일(T+3)에 환매금액 지급 제1영업일  15시 30분 환매청구일 기준가격 적용일 환매대금 지급일 이전 환매시 15시 30분 환매청구일 기준가격 적용일 환매대금 지급일 경과 후 환매시 ※ 기준시점은 판매회사의 전산시스템에 의하여 거래전표에 표시된 시간으로 구분 처리합니다. ※ 환매청구의 취소 및 정정은 환매청구일 당일 15시 30분 이전까지만 가능합니다. 다만, 15시 30분 경과 후 환매청구를 한 경우 에는 당일 중 판매회사의 영업가능 시간까지만 환매청구의 취소 및 정정이 가능합니다.",22
FUND000025,KR5127450215,매입기준가,"(단, 이 투자신탁을 최초로 설정하는 때에는 투자신탁 최초설 정일의 기준가격은 1,000좌당 1,000원으로 함) 1) 15시 30분(오후 3시 30분) 이전에 자금을 납입한 경우: 자금을 납입한 영업일(T)로부터 다음영업일 (T+1)에 공고되는 기준가격을 적용 2) 15시 30분(오후 3시 30분) 경과 후에 자금을 납입한 경우: 자금을 납입한 영업일(T)로부터 제3영업일 (T+2)에 공고되는 기준가격을 적용",23
FUND000025,KR5127450215,환매기준가,"1) 15시 30분(오후 3시 30분) 이전에 환매를 청구한 경우: 환매를 청구한 날(T)로부터 제2영업일(T+1)의 - 25 - 기준가격을 적용하여 환매청구일로부터 제4영업일(T+3)에 환매금액 지급 2) 15시 30분(오후 3시 30분) 경과 후에 환매를 청구한 경우: 환매를 청구한 날(T)로부터 제3영업일(T+2) 의 기준가격을 적용하여 환매청구일로부터 제4영업일(T+3)에 환매금액 지급  15시 30분 환매청구일 기준가격 적용일 환매대금 지급일 이전 환매시 15시 30분 환매청구일 기준가격 적용일 환매대금 지급일 경과 후 환매시 ※ 한국거래소의 개장일을 영업일로 하며 기준시점은 판매회사의 전산시스템에 의하여 거래전표에 표시된 시간으로 구분 처리합니다. ※ 환매청구의 취소 및 정정은 환매청구일 당일 15시 30분 이전까지만 가능합니다. 다만, 15시 30분 경과 후 환매청구를 한 경우 에는 당일 중 판매회사의 영업가능 시간까지만 환매청구의 취소 및 정정이 가능합니다.",25
FUND000025,KR5127450217,매입기준가,"(단, 이 투자신탁을 최초로 설정하는 때에는 투자신탁 최초설 정일의 기준가격은 1,000좌당 1,000원으로 함) 1) 15시 30분(오후 3시 30분) 이전에 자금을 납입한 경우: 자금을 납입한 영업일(T)로부터 다음영업일 (T+1)에 공고되는 기준가격을 적용 2) 15시 30분(오후 3시 30분) 경과 후에 자금을 납입한 경우: 자금을 납입한 영업일(T)로부터 제3영업일 (T+2)에 공고되는 기준가격을 적용",23
FUND000025,KR5127450217,환매기준가,"1) 15시 30분(오후 3시 30분) 이전에 환매를 청구한 경우: 환매를 청구한 날(T)로부터 제2영업일(T+1)의 - 25 - 기준가격을 적용하여 환매청구일로부터 제4영업일(T+3)에 환매금액 지급 2) 15시 30분(오후 3시 30분) 경과 후에 환매를 청구한 경우: 환매를 청구한 날(T)로부터 제3영업일(T+2) 의 기준가격을 적용하여 환매청구일로부터 제4영업일(T+3)에 환매금액 지급  15시 30분 환매청구일 기준가격 적용일 환매대금 지급일 이전 환매시 15시 30분 환매청구일 기준가격 적용일 환매대금 지급일 경과 후 환매시 ※ 한국거래소의 개장일을 영업일로 하며 기준시점은 판매회사의 전산시스템에 의하여 거래전표에 표시된 시간으로 구분 처리합니다. ※ 환매청구의 취소 및 정정은 환매청구일 당일 15시 30분 이전까지만 가능합니다. 다만, 15시 30분 경과 후 환매청구를 한 경우 에는 당일 중 판매회사의 영업가능 시간까지만 환매청구의 취소 및 정정이 가능합니다.",25
FUND000026,KR5127450473,매입기준가,"(단, 이 투자신탁을 최초로 설정하는 때에는 투자신탁 최초설 정일의 기준가격은 1,000좌당 1,000원으로 함) 1) 15시 30분(오후 3시 30분) 이전에 자금을 납입한 경우: 자금을 납입한 영업일(T)로부터 2영업일(T+1)에 공고되는 기준가격을 적용 2) 15시 30분(오후 3시 30분) 경과 후에 자금을 납입한 경우: 자금을 납입한 영업일(T)로부터 3영업일(T+2) 에 공고되는 기준가격을 적용 1영업일(T) 2영업일(T+1) 3영업일(T+2) 15시 30분  - 24 - 15시 30분  ※ 기준시점은 판매회사의 전산시스템에 의하여 거래전표에 표시된 시간으로 구분 처리합니다. ※ 매입청구의 취소 및 정정은 매입청구일 당일 15시 30분 이전까지만 가능합니다. 다만, 15시 30분 경과 후 매입청구를 한 경우 에는 당일 중 판매회사의 영업가능 시간까지만 매입청구의 취소 및 정정이 가능합니다.",24
FUND000026,KR5127450473,환매기준가,"1) 15시 30분(오후 3시 30분) 이전에 환매를 청구한 경우: 환매를 청구한 날(T)로부터 2영업일(T+1)의 기 준가격을 적용하여 환매청구일로부터 4영업일(T+3)에 환매금액 지급 2) 15시 30분(오후 3시 30분) 경과 후에 환매를 청구한 경우: 환매를 청구한 날(T)로부터 3영업일(T+2)의 기준가격을 적용하여 환매청구일로부터 4영업일(T+3)에 환매금액 지급 1영업일(T) 2영업일(T+1) 3영업일(T+2) 4영업일(T+3) 15시 30분 환매청구일 기준가격 적용일 환매대금 지급일 이전 환매시 15시 30분 환매청구일 기준가격 적용일 환매대금 지급일 경과 후 환매시 ※ 기준시점은 판매회사의 전산시스템에 의하여 거래전표에 표시된 시간으로 구분 처리합니다. ※ 환매청구의 취소 및 정정은 환매청구일 당일 15시 30분 이전까지만 가능합니다. 다만, 15시 30분 경과 후 환매청구를 한 경우 에는 당일 중 판매회사의 영업가능 시간까지만 환매청구의 취소 및 정정이 가능합니다.",25
FUND000036,KR5129420025,매입기준가,· 오후 5시 이전에 자금을 납입한 경우 : 자금을 납입한 영업일의 다음 영업일 (D+1) 에 공고되는 기준가격을 적용하여 매입 · 오후 5시 경과 후 자금을 납입한 경우 : 자금을 납입한 영업일로부터 3영업일(D+2) 에 공고되는 기준가격을 적용하여 매입,8
FUND000036,KR5129420025,환매기준가,· 오후 5시 이전에 환매를 청구한 경우 : 환매청구일로부터 다음 영업일(D+1)에 공고 되는 기준가격을 적용. 다음 영업일(D+1)에 관 련 세금 등을 공제한 후 환매대금을 지급 · 오후 5시 경과 후에 환매를 청구한 경우 : 환매청구일로부터 3영업일(D+2)에 공고되는 기준가격을 적용. 3영업일(D+2)에 관련 세금 등을 공제한 후 환매대금을 지급,8
FUND000037,KR5129420031,매입기준가,· 오후 5시 이전에 자금을 납입한 경우 : 자금을 납입한 영업일의 다음 영업일 (D+1) 에 공고되는 기준가격을 적용하여 매입 · 오후 5시 경과 후 자금을 납입한 경우 : 자금을 납입한 영업일로부터 3영업일(D+2) 에 공고되는 기준가격을 적용하여 매입,8
FUND000037,KR5129420031,환매기준가,· 오후 5시 이전에 환매를 청구한 경우 : 환매청구일로부터 3영업일(D+2)에 공고되는 기준가격을 적용. 3영업일(D+2)에 관련 세금 등을 공제한 후 환매대금을 지급 · 오후 5시 경과 후에 환매를 청구한 경우 : 환매청구일로부터 4영업일(D+3)에 공고되는 기준가격을 적용. 4영업일(D+3)에 관련 세금 등을 공제한 후 환매대금을 지급,8
FUND000004,KR5131420007,매입기준가,▪ 17시 이전에 자금을 납입한 경우: 자금을 납입한 영업일로부터 2영업일에 공고되는 기 준가격을 적용하여 매입 ▪ 17시 경과 후 자금을 납입한 경우: 자금을 납입한 영업일로부터 3영업일에 공고되는 기 준가격을 적용하여 매입,5
FUND000004,KR5131420007,환매기준가,▪17시 이전에 환매를 청구한 경우: 환매청구일로 부터 3영업일에 공고되는 기준가격을 적용. 3영업 일에 관련세금 등을 공제한 후 환매대금 지급 ▪17시 경과 후에 환매를 청구한 경우: 환매청구일 로부터 4영업일에 공고되는 기준가격을 적용. 4영 업일에 관련세금 등을 공제한 후 환매대금 지급,5
FUND000005,KR5131420025,매입기준가,▪ 17시 이전에 자금을 납입한 경우: 자금을 납입한 영업일로부터 2영업일에 공고되는 기 준가격을 적용하여 매입 ▪ 17시 경과 후 자금을 납입한 경우: 자금을 납입한 영업일로부터 3영업일에 공고되는 기 준가격을 적용하여 매입,5
FUND000005,KR5131420025,환매기준가,▪17시 이전에 환매를 청구한 경우: 환매청구일 로부 터 3영업일에 공고되는 기준가격을 적용. 3영업일에 관련세금 등을 공제한 후 환매대금 지급 ▪17시 경과 후에 환매를 청구한 경우: 환매청구일 로부터 4영업일에 공고되는 기준가격을 적용. 4영업 일에 관련세금 등을 공제한 후 환매대금 지급,5
FUND000010,KR5139420015,매입기준가,∙ 17시 이전에 자금을 납입한 경우: 자금을 납입한 영업일로부터 제2영업일(D+1)에 공고되는 기준가격을 적용하여 매입 ∙ 17시 경과 후 자금을 납입한 경우: 자금을 납입한 영업일로부터 제3영업일(D+2)에 공고되는 기준가격을 적용하여 매입,7
FUND000010,KR5139420015,환매기준가,∙ 17시 이전에 환매를 청구한 경우: 환매 청구일로부터 제3영업일(D+2)에 공고되 는 기준가격을 적용. 제3영업일(D+2)에 관련 세금 등을 공제한 후 환매대금을 지급 ∙ 17시 경과 후에 환매를 청구한 경우: 환 매청구일로부터 제4영업일(D+3)에 공고 되는 기준가격을 적용. 제4영업일(D+3) 에 관련세금 등을 공제한 후 환매대금 을 지급,7
FUND000011,KR5139420020,매입기준가,∙ 17시 이전에 자금을 납입한 경우: 자금을 납입한 영업일로부터 제2영업일(D+1)에 공고되는 기준가격을 적용하여 매입 ∙ 17시 경과 후 자금을 납입한 경우: 자금 을 납입한 영업일로부터 제3영업일(D+2) 에 공고되는 기준가격을 적용하여 매입,7
FUND000011,KR5139420020,환매기준가,∙ 17시 이전에 환매를 청구한 경우: 환매 청구일로부터 제3영업일(D+2)에 공고되 는 기준가격을 적용. 제3영업일(D+2)에 관련 세금 등을 공제한 후 환매대금을 지급 ∙ 17시 경과 후에 환매를 청구한 경우: 환 매청구일로부터 제4영업일(D+3)에 공고 되는 기준가격을 적용. 제4영업일(D+3) 에 관련세금 등을 공제한 후 환매대금을 지급,7
FUND000027,KR5144420020,매입기준가,"매입청구시 적용되는 기준가격은 아래와 같으며, 기준시점은 판매회사의 전산시스템에 의하여 거래전표에 표시된 시간으로 구분하여 처리합니다. 가. 오후 5시 이전에 자금을 납입한 경우: 납입일(D일)의 다음 영업일(D+1일)에 공고되는 기준가격을 적용 나. 오후 5시 경과 후에 자금을 납입한 경우: 납입일(D일)로부터 3영업일(D+2일)에 공고되는 기준가격을 적용",23
FUND000027,KR5144420020,환매기준가,가. 오후 5시 이전 환매를 청구하는 경우: 환매를 청구한 날로부터 3 영업일(D+2)에 공고되는 기준가격을 적용하여 3 영업일(D+2)에 관련세금 등을 공제한 후 환매대금을 지급합니다. 나. 오후 5시 경과 후 환매를 청구하는 경우: 환매를 청구한 날로부터 4 영업일(D+3)에 공고되는 기준가격을 적용하여 4 영업일(D+3)에 관련세금 등을 공제한 후 환매대금을 지급합니다.,25
FUND000028,KR5144420081,매입기준가,"매입청구시 적용되는 기준가격은 아래와 같으며, 기준시점은 판매회사의 전산시스템에 의하여 거래전표에 표시된 시간으로 구분하여 처리합니다. ① 17시 이전에 자금을 납입한 경우: 납입일(D)로부터 2영업일(D+1)에 공고되는 기준가격을 적용 ② 17시 경과 후에 자금을 납입한 경우: 납입일(D)로부터 3영업일(D+2)에 공고되는 기준가격을 적용 ※ 이 투자신탁을 최초로 설정하는 때에는 투자신탁 최초설정일의 기준가격은 1,000원으로 합니다.",26
FUND000028,KR5144420081,환매기준가,① 17 시 이전 환매를 청구하는 경우: 환매를 청구한 날(D)로부터 3 영업일(D+2)에 공고되는 기준가격을 적용하여 5영업일(D+4)에 관련세금 등을 공제한 후 환매대금을 지급합니다. ② 17 시 경과 후에 환매를 청구하는 경우: 환매를 청구한 날(D)로부터 4 영업일(D+3)에 공고되는 기준가격을 적용하여 6영업일(D+5)에 관련세금 등을 공제한 후 환매대금을 지급합니다. ※ 기준시점은 판매회사의 전산시스템에 의하여 거래전표에 표시된 시간으로 구분하여 처리합니다.,27
FUND000029,KR5144420091,매입기준가,"매입청구 시 적용되는 기준가격은 아래와 같으며, 기준시점은 판매회사의 전산시스템에 의하여 거래전표에 표시된 시간으로 구분하여 처리합니다. (가) 오후 5시 이전에 자금을 납입한 경우: 납입일(D일)로부터 2영업일(D+1일)에 공고되는 기준가격을 적용 (나) 오후 5시 경과 후에 자금을 납입한 경우: 납입일(D일)로부터 3영업일(D+2일)에 공고되는 기준가격을 적용",27
FUND000029,KR5144420091,환매기준가,(가) 오후5시 이전 환매를 청구하는 경우: 환매를 청구한 날(D 일)로부터 3 영업일(D+2 일)에 공고되는 기준가격을 적용하여 3영업일(D+2일) 에 관련세금 등을 공제한 후 환매대금을 지급합니다. (나) 오후5시 경과 후 환매를 청구하는 경우: 환매를 청구한 날(D 일)로부터 4 영업일(D+3 일)에 공고되는 기준가격을 적용하여 4영업일(D+3일) 에 관련세금 등을 공제한 후 환매대금을 지급합니다.,28
FUND000030,KR5144450095,매입기준가,"매입청구 시 적용되는 기준가격은 아래와 같으며, 기준시점은 판매회사의 전산시스템에 의하여 거래전표에 표시된 시간으로 구분하여 처리합니다. 가. 오후 3시 30분 이전에 자금을 납입한 경우: 납입일(D일)의 다음 영업일(D+1일)에 공고되는 기준가격을 적용 나. 오후 3시 30분 경과 후에 자금을 납입한 경우: 납입일(D일)로부터 3영업일(D+2일)에 공고되는 기준가격을 적용 ※ 기준시점은 판매회사의 전산시스템에 의하여 거래전표에 표시된 시간으로 구분하여 처리합니다.",29
FUND000030,KR5144450095,환매기준가,가. 오후 3시 30분 이전 환매를 청구하는 경우: 환매를 청구한 날로부터 2 영업일에 공고되는 기준가격을 적용하여 4 영업일에 관련세금 등을 공제한 후 환매대금을 지급합니다. 나. 오후 3시 30분 경과 후 환매를 청구하는 경우: 환매를 청구한 날로부터 3 영업일에 공고되는 기준가격을 적용하여 4 영업일에 관련세금 등을 공제한 후 환매대금을 지급합니다. ※ 기준시점은 판매회사의 전산시스템에 의하여 거래전표에 표시된 시간으로 구분하여 처리합니다.,29
FUND000006,KR5147430065,매입기준가,투자신탁 최초설정일에 공고되는 기준가격,8
FUND000006,KR5147430065,환매기준가,[최초설정일로부터 운용전환일 이전] ㆍ17시(오후5시)이전 : 3영업일 기준가격 적용 4영업일 지급 ㆍ17시(오후5시)경과 후 : 4영업일 기준가격 적용 5영업일 지급 [운용전환일 이후] ㆍ17시(오후5시)이전 : 3영업일 기준가격 적용 3영업일 지급 ㆍ 17시(오후5시)경과 후 : 4영업일 기준가격 적용 4영업일 지급,8
FUND000016,KR514X450008,매입기준가,- 15시 30분 (오후 3시 30분) 이전에 자금 을 납입한 경우 : 자금을 납입한 영업일로부 터 2 영업일(D+1)에 공고되는 기준가격을 적 용하여 매입 - 15시 30분 (오후 3시 30분) 경과 후 자금 을 납입한 경우 : 자금을 납입한 영업일로부 터 3 영업일(D+2)에 공고되는 기준가격을 적 용하여 매입,8
FUND000016,KR514X450008,환매기준가,- 15시 30분 (오후 3시 30분) 이전에 환 매를 청구한 경우 : 환매청구일로부터 2 영 업일(D+1)에 공고되는 기 준가격을 적용. 4 영업일 (D+3)에 관련 세금 등 을 공제한 후 환매대금을 지급 - 15시 30분 (오후 3시 30분) 경과 후에 환매를 청구한 경우 : 환매청구일로부터 3 영업일(D+2) 에 공고되는 기준가격을 적용. 4 영업일 (D+3)에 관련 세금 등을 공제한 후 환매대금을 지급,8
FUND000031,KR5152420028,매입기준가,ㆍ17시 이전:2영업일 기준가 매입 ㆍ17시 경과 후:3영업일 기준가 매입,8
FUND000031,KR5152420028,환매기준가,ㆍ17시 이전:3영업일 기준가 3영업일 지급 ㆍ17시 경과 후: 4영업일 기준가 4영업일 지급,8
FUND000007,KR515302022M,매입기준가,∙ 15시30분(오후3시30분)이전 : 제2영업일에 공고되는 기준가격을 적용 ∙ 15시30분(오후3시30분)경과 후 : 제3영업일에 공고되는 기준가격을 적용,7
FUND000007,KR515302022M,환매기준가,∙ 15시30분(오후3시30분)이전 : 제2영업일 기준가격 적용 제4영업일 지급 ∙ 15시30분(오후3시30분)경과 후 : 제3영업일 기준가격 적용 제4영업일 지급,7
FUND000057,KR5153420022,매입기준가,1. 17시 이전 : 자금을 납입하는 영업일(D)로 부터 제2영업일에 공고되는 기준가격을 적용 2. 17시 경과후 : 자금을 납입하는 영업일(D)로 부터 제3영업일에 공고되는 기준가격을 적용,5
FUND000057,KR5153420022,환매기준가,"1. 17시 이전 : 환매청구일(D)로 부터 제3영업일에 공 고되는 기준가격을 적용하여,제4영업일에 환매대금을 지급 2. 17시 경과후 : 환매청구일(D)로 부터 제4영업일에 공고되는 기준가격을 적용하여,제5영업일에 환매대금 을 지급",5
FUND000058,KR5153420063,매입기준가,1. 17시 이전 : 자금을 납입하는 영업일(D)로 부터 제2영업일에 공고되는 기준가격을 적용 2. 17시 경과후 : 자금을 납입하는 영업일(D)로 부터 제3영업일에 공고되는 기준가격을 적용,5
FUND000058,KR5153420063,환매기준가,"1. 17시 이전 : 환매청구일(D)로 부터 제3영업일에 공 고되는 기준가격을 적용하여,제3영업일에 환매대금을 지급 2. 17시 경과후 : 환매청구일(D)로 부터 제4영업일에 공고되는 기준가격을 적용하여,제4영업일에 환매대금 을 지급",5
FUND000059,KR5153420079,매입기준가,1. 17시 이전 : 자금을 납입하는 영업일(D)로 부터 제2영업일에 공고되는 기준가격을 적용 2. 17시 경과후 : 자금을 납입하는 영업일(D)로 부터 제3영업일에 공고되는 기준가격을 적용,5
FUND000059,KR5153420079,환매기준가,"1. 17시 이전 : 환매청구일(D)로 부터 제3영업일에 공 고되는 기준가격을 적용하여,제3영업일에 환매대금을 지급 2. 17시 경과후 : 환매청구일(D)로 부터 제4영업일에 공고되는 기준가격을 적용하여,제4영업일에 환매대금 을 지급",5
FUND000060,KR5153420105,매입기준가,1. 17시 이전 : 자금을 납입하는 영업일(D)로 부터 제2영업일에 공고되는 기준가격을 적용 2. 17시 경과후 : 자금을 납입하는 영업일(D)로 부터 제3영업일에 공고되는 기준가격을 적용,5
FUND000060,KR5153420105,환매기준가,"1. 17시 이전 : 환매청구일(D)로 부터 제3영업일에 공 고되는 기준가격을 적용하여,제3영업일에 환매대금을 지급 2. 17시 경과후 : 환매청구일(D)로 부터 제4영업일에 공고되는 기준가격을 적용하여,제4영업일에 환매대금 을 지급",5
FUND000061,KR5153420318,매입기준가,1. 17시 이전 : 자금을 납입하는 영업일(D)로 부터 제3영업일에 공고되는 기준가격을 적용 2. 17시 경과후 : 자금을 납입하는 영업일(D)로 부터 제4영업일에 공고되는 기준가격을 적용,7
FUND000061,KR5153420318,환매기준가,"1. 17시 이전 : 환매청구일(D)로 부터 제3영업일에 공 고되는 기준가격을 적용하여,제6영업일에 환매대금을 지급 2. 17시 경과후 : 환매청구일(D)로 부터 제4영업일에 공고되는 기준가격을 적용하여,제6영업일에 환매대금 을 지급",7
FUND000062,KR5153420339,매입기준가,1. 17시 이전 : 자금을 납입하는 영업일(D)로 부터 제2영업일에 공고되는 기준가격을 적용 2. 17시 경과후 : 자금을 납입하는 영업일(D)로 부터 제3영업일에 공고되는 기준가격을 적용,6
FUND000062,KR5153420339,환매기준가,"1. 17시 이전 : 환매청구일(D)로 부터 제2영업일에 공 고되는 기준가격을 적용하여,제2영업일에 환매대금을 지급 2. 17시 경과후 : 환매청구일(D)로 부터 제3영업일에 공고되는 기준가격을 적용하여,제3영업일에 환매대금 을 지급",6
FUND000063,KR5153450009,매입기준가,1. 15시 30분 이전 : 자금을 납입하는 영업일(D)로 부터 제2영업일에 공고되는 기준가격을 적용 2. 15시 30분 경과후 : 자금을 납입하는 영업일(D)로 부터 제3영업일에 공고되는 기준가격을 적용,5
FUND000063,KR5153450009,환매기준가,"1. 15시 30분 이전 : 환매청구일(D)로 부터 제3영업일 에 공고되는 기준가격을 적용하여,제4영업일에 환매 대금을 지급 2. 15시 30분 경과후 : 환매청구일(D)로 부터 제4영업 일에 공고되는 기준가격을 적용하여,제5영업일에 환 매대금을 지급",5
FUND000064,KR5153450112,매입기준가,1. 15시 30분 이전 : 자금을 납입하는 영업일(D)로 부터 제2영업일에 공고되는 기준가격을 적용 2. 15시 30분 경과후 : 자금을 납입하는 영업일(D)로 부터 제3영업일에 공고되는 기준가격을 적용,6
FUND000064,KR5153450112,환매기준가,"1. 15시 30분 이전 : 환매청구일(D)로 부터 제3영업일 에 공고되는 기준가격을 적용하여,제4영업일에 환매 대금을 지급 2. 15시 30분 경과후 : 환매청구일(D)로 부터 제4영업 일에 공고되는 기준가격을 적용하여,제5영업일에 환 매대금을 지급",6
FUND000065,KR5153450209,매입기준가,1. 15시 30분 이전 : 자금을 납입하는 영업일(D)로 부터 제2영업일에 공고되는 기준가격을 적용 2. 15시 30분 경과후 : 자금을 납입하는 영업일(D)로 부터 제3영업일에 공고되는 기준가격을 적용,5
FUND000065,KR5153450209,환매기준가,"1. 15시 30분 이전 : 환매청구일(D)로 부터 제2영업일 에 공고되는 기준가격을 적용하여,제4영업일에 환매 대금을 지급 2. 15시 30분 경과후 : 환매청구일(D)로 부터 제3영업 일에 공고되는 기준가격을 적용하여,제4영업일에 환 매대금을 지급",5
FUND000066,KR5153450250,매입기준가,1. 15시 30분 이전 : 자금을 납입하는 영업일(D)로 부터 제2영업일에 공고되는 기준가격을 적용 2. 15시 30분 경과후 : 자금을 납입하는 영업일(D)로 부터 제3영업일에 공고되는 기준가격을 적용,5
FUND000066,KR5153450250,환매기준가,"1. 15시 30분 이전 : 환매청구일(D)로 부터 제2영업일 에 공고되는 기준가격을 적용하여,제4영업일에 환매 대금을 지급 2. 15시 30분 경과후 : 환매청구일(D)로 부터 제3영업 일에 공고되는 기준가격을 적용하여,제4영업일에 환 매대금을 지급",5
FUND000067,KR5153450268,매입기준가,1. 15시 30분 이전 : 자금을 납입하는 영업일(D)로 부터 제2영업일에 공고되는 기준가격을 적용 2. 15시 30분 경과후 : 자금을 납입하는 영업일(D)로 부터 제3영업일에 공고되는 기준가격을 적용,6
FUND000067,KR5153450268,환매기준가,"1. 15시 30분 이전 : 환매청구일(D)로 부터 제2영업일 에 공고되는 기준가격을 적용하여,제4영업일에 환매 대금을 지급 2. 15시 30분 경과후 : 환매청구일(D)로 부터 제3영업 일에 공고되는 기준가격을 적용하여,제4영업일에 환 매대금을 지급",6
FUND000068,KR5153450431,매입기준가,1. 15시 30분 이전 : 자금을 납입하는 영업일(D)로 부터 제2영업일에 공고되는 기준가격을 적용 2. 15시 30분 경과후 : 자금을 납입하는 영업일(D)로 부터 제3영업일에 공고되는 기준가격을 적용,5
FUND000068,KR5153450431,환매기준가,"1. 15시 30분 이전 : 환매청구일(D)로 부터 제2영업일 에 공고되는 기준가격을 적용하여,제4영업일에 환매 대금을 지급 2. 15시 30분 경과후 : 환매청구일(D)로 부터 제3영업 일에 공고되는 기준가격을 적용하여,제4영업일에 환 매대금을 지급",5
FUND000069,KR5153450658,매입기준가,1. 17시 이전 : 자금을 납입하는 영업일(D)로 부터 제2영업일에 공고되는 기준가격을 적용 2. 17시 경과후 : 자금을 납입하는 영업일(D)로 부터 제3영업일에 공고되는 기준가격을 적용,7
FUND000069,KR5153450658,환매기준가,"1. 17시 이전 : 환매청구일(D)로 부터 제2영업일에 공 고되는 기준가격을 적용하여,제2영업일에 환매대금을 지급 2. 17시 경과후 : 환매청구일(D)로 부터 제3영업일에 공고되는 기준가격을 적용하여,제3영업일에 환매대금 을 지급",7
FUND000070,KR5153450772,매입기준가,1. 15시 30분 이전 : 자금을 납입하는 영업일(D)로 부터 제2영업일에 공고되는 기준가격을 적용 2. 15시 30분 경과후 : 자금을 납입하는 영업일(D)로 부터 제3영업일에 공고되는 기준가격을 적용,6
FUND000070,KR5153450772,환매기준가,"1. 15시 30분 이전 : 환매청구일(D)로 부터 제2영업일 에 공고되는 기준가격을 적용하여,제4영업일에 환매 대금을 지급 2. 15시 30분 경과후 : 환매청구일(D)로 부터 제3영업 일에 공고되는 기준가격을 적용하여,제4영업일에 환 매대금을 지급",6
FUND000071,KR5153450785,매입기준가,1. 15시 30분 이전 : 자금을 납입하는 영업일(D)로 부터 제2영업일에 공고되는 기준가격을 적용 2. 15시 30분 경과후 : 자금을 납입하는 영업일(D)로 부터 제3영업일에 공고되는 기준가격을 적용,6
FUND000071,KR5153450785,환매기준가,"1. 15시 30분 이전 : 환매청구일(D)로 부터 제2영업일 에 공고되는 기준가격을 적용하여,제4영업일에 환매 대금을 지급 2. 15시 30분 경과후 : 환매청구일(D)로 부터 제3영업 일에 공고되는 기준가격을 적용하여,제4영업일에 환 매대금을 지급",6
FUND000072,KR5153450791,매입기준가,1. 15시 30분 이전 : 자금을 납입하는 영업일(D)로 부터 제2영업일에 공고되는 기준가격을 적용 2. 15시 30분 경과후 : 자금을 납입하는 영업일(D)로 부터 제3영업일에 공고되는 기준가격을 적용,5
FUND000072,KR5153450791,환매기준가,"1. 15시 30분 이전 : 환매청구일(D)로 부터 제3영업일 에 공고되는 기준가격을 적용하여,제4영업일에 환매 대금을 지급 2. 15시 30분 경과후 : 환매청구일(D)로 부터 제4영업 일에 공고되는 기준가격을 적용하여,제5영업일에 환 매대금을 지급",5
FUND000073,KR5153451009,매입기준가,1. 17시 이전 : 자금을 납입하는 영업일(D)로 부터 제3영업일에 공고되는 기준가격을 적용 2. 17시 경과후 : 자금을 납입하는 영업일(D)로 부터 제4영업일에 공고되는 기준가격을 적용,6
FUND000073,KR5153451009,환매기준가,"1. 17시 이전 : 환매청구일(D)로 부터 제4영업일에 공 고되는 기준가격을 적용하여,제8영업일에 환매대금을 지급 2. 17시 경과후 : 환매청구일(D)로 부터 제5영업일에 공고되는 기준가격을 적용하여,제9영업일에 환매대금 을 지급",6
FUND000074,KR5153520012,매입기준가,1. 17시 이전 : 자금을 납입하는 영업일(D)로 부터 제2영업일에 공고되는 기준가격을 적용 2. 17시 경과후 : 자금을 납입하는 영업일(D)로 부터 제3영업일에 공고되는 기준가격을 적용,5
FUND000074,KR5153520012,환매기준가,"1. 17시 이전 : 환매청구일(D)로 부터 제3영업일에 공 고되는 기준가격을 적용하여,제3영업일에 환매대금을 지급 2. 17시 경과후 : 환매청구일(D)로 부터 제4영업일에 공고되는 기준가격을 적용하여,제4영업일에 환매대금 을 지급",5
FUND000008,KR5156450026,매입기준가,‧ 오후 3시 30분 이전 : 2영업일 기준가 매입 ‧ 오후 3시 30분 이후 : 3영업일 기준가 매입,6
FUND000008,KR5156450026,환매기준가,"① 오후 3시30분(15시30분) 이전에 환매를 청구한 경우: 환매를 청구한 날로부터 제2영업일(D+1)에 공고되는 수익증권의 기준가격을 적용하여 제4영업일(D+3)에 관련세금 등을 공제한 후 환매대금을 지급합니다. ② 오후 3시30분(15시30분) 경과 후에 환매를 청구한 경우: 환매를 청구한 날로부터 제3영업일(D+2)에 공고되는 수익증권의 기준가격을 적용하여 제4영업일(D+3)에 관련세금 등을 공제한 후 환매대금을 지급합니다.  ※수익증권의 판매회사 전자시스템에 따라 매입 또는 환매업무를 처리한 경우에는 거래전표에 표시 된 시점을 매입 또는 환매를 청구한 시점으로 봅니다. 다만, 수익자의 개별적인 매입 또는 환매청구 없이 사전약정에 따라 주기적으로 수익증권의 매입 또는 환매업무가 처리되는 경우에는 매입 또는 환매의 기준시점 이전에 매입 또는 환매청구가 이루어진 것으로 봅니다. 환매대금은 투자신탁재산으로 보유중인 금전 또는 투자신탁재산을 매각하여 조성한 금전으로 지급",25
FUND000001,KR5157420003,매입기준가,오후 5시 이전에 자금을 납입한 경우: 자금을 납입한 영업일로부터 제2영업일(D+1)에 공고되는 기준가격을 적용하여 매입 오후 5시 경과 후 자금을 납입한 경우: 자금을 납입한 영업일로부터 제3영업일(D+2)에 공고되는 기준가격을 적용하여 매입,5
FUND000001,KR5157420003,환매기준가,"(가) 오후 5시 이전에 환매를 청구한 경우: 환매를 청구한 날로부터 제3영업일(D+2)에 공고되는 기준가격을 적용하여 제3영업일(D+2)에 관련세금 등을 공제한 후 환매대금을 지급합니다. 제1영업일 제2영업일 제3영업일 환매청구일 기준가격 적용일 환매대금 지급일 (나) 오후 5시 경과 후에 환매를 청구한 경우: 환매를 청구한 날로부터 제4영업일(D+3)에 공고되는 기준가격을 적용하여 제4영업일(D+3)에 관련세금 등을 공제한 후 환매대금이 지급됩니다. 제1영업일 제2영업일 제3영업일 제4영업일 환매청구일 기준가격 적용일 환매대금 지급일 (다) 판매회사가 해산ㆍ허가취소, 업무정지 등의 사유(이하 “해산등”)로 인하여 환매청구에 응할 수 없는 경우 에는 집합투자업자에 직접 청구할 수 있으며, 집합투자업자가 해산 등으로 인하여 환매에 응할 수 없는 경우에는 신탁 업자에 직접 청구할 수 있습니다.",23
FUND000002,KR5157450017,매입기준가,오후 3시 30분 이전에 자금을 납입한 경우: 자금을 납입한 영업일로부터 제2영업일(D+1)에 공고되는 기준가격을 적용하여 매입 오후 3시 30분 경과 후 자금을 납입한 경우: 자금을 납입한 영업일로부터 제3영업일(D+2)에 공고되는 기준가격을 적용하여 매입,5
FUND000002,KR5157450017,환매기준가,오후 3시 30분 이전에 환매를 청구한 경우: 환매청구일로부터 제2영업일(D+1)에 공고되는 기 준가격을 적용. 제4영업일(D+3)에 관련 세금 등 을 공제한 후 환매대금을 지급 오후 3시 30분 경과 후에 환매를 청구한 경우: 환매청구일로부터 제3영업일(D+2)에 공고되는 기 준가격을 적용. 제4영업일(D+3)에 관련세금 등을 공제한 후 환매대금을 지급,5
FUND000003,KR5157450090,매입기준가,오후 3시 30분 이전에 자금을 납입한 경우: 자금을 납입한 영업일로부터 제2영업일(D+1)에 공고되는 기준가격을 적용하여 매입 오후 3시 30분 경과 후 자금을 납입한 경우: 자금을 납입한 영업일로부터 제3영업일(D+2)에 공고되는 기준가격을 적용하여 매입,6
FUND000003,KR5157450090,환매기준가,오후 3시 30분 이전에 환매를 청구한 경우: 환매청구일로부터 제3영업일(D+2)에 공고되는 기 준가격을 적용. 제4영업일(D+3)에 관련 세금 등 을 공제한 후 환매대금을 지급 오후 3시 30분 경과 후에 환매를 청구한 경우: 환매청구일로부터 제4영업일(D+3)에 공고되는 기 준가격을 적용. 제5영업일(D+4)에 관련세금 등을 공제한 후 환매대금을 지급,6
FUND000020,KR5160420009,매입기준가,•17시 이전: 2영업일 기준가 매입 •17시 경과 후: 3영업일 기준가 매입,9
FUND000020,KR5160420009,환매기준가,"•17시 이전: 3영업일 기준가, 3영업일 지급 •17시 경과 후: 4영업일 기준가, 4영업일 지급",9
FUND000017,KR516702010M,매입기준가,1) 15시 30분 이전: 제2영업일 기준가 적용 2) 15시 30분 이후: 제3영업일 기준가 적용,5
FUND000017,KR516702010M,환매기준가,"1) 15시 30분 이전: 제2영업일 기준가 적용, 제4영업일 지급 2) 15시 30분 이후: 제3영업일 기준가 적용, 제4영업일 지급",5
FUND000013,KR5169950018,매입기준가,- 15시 30분(오후 3시 30분)이전에 자금을 납입한 경우: 납입일로부터 2영업일(D+1)에 공고되는 기준 가격을 적용하여 매입 - 15시 30분(오후 3시 30분)경과 후 자금을 납입한 경우: 납입일로부터 3영업일(D+2)에 공고되는 기준 가격을 적용하여 매입,5
FUND000013,KR5169950018,환매기준가,- 15시 30분(오후 3시 30분)이전 환매를 청 구한 경우: 환매청구일부터 2영업일(D+1)에 공고되는 기준가격을 적용. 4영업일(D+3)에 관련 세금 등을 공제한 후 환매대금 지급 - 15시 30분(오후 3시 30분)경과 후 환매를 청구한 경우: 환매를 청구한날로부터 기산하 여 3영업일(D+2)에 공고되는 수익증권 기준 가격을 적용하여 환매를 청구한 날로부터 기 산하여 4영업일(D+3)에 관련 세금 등을 공 제한 후 환매 대금 지급,5
FUND000014,KR5172450019,매입기준가, 15시 30분 이전: 2영업일 기준가격으로 매입  15시 30분 경과후 : 3영업일 기준가격으로 매입,5
FUND000014,KR5172450019,환매기준가, 15 시 30 분 이전: 2 영업일 기준가격으로 4영업일에 지급  15 시 30 분 경과후 : 3 영업일 기준가격으로 4영업일에 지급,5
FUND000019,KR5174420011,매입기준가,17시 이전에 자금을 납입한 경우: 자금을 납입한 영업일로부터 2영업일 (D+1)에 공고되는 기준가격을 적용하여 매입합니다. 17시 경과 후에 자금을 납입한 경우: 자금을 납입한 영업일로부터 3영업일 (D+2)에 공고되는 기준가격을 적용하여 매입합니다.,6
FUND000019,KR5174420011,환매기준가,(가) 17시(오후 5시) 이전 환매청구한 경우 : 환매를 청구한 날로부터 3영업일에 공고되는 수익증권에 기준가격을 적용하여 3영업일에 환매금액 지급 (나) 17시(오후 5시) 경과 후 환매청구한 경우 : 환매를 청구한 날로부터 4영업일에 공고되는 수익증권 기준가격을 적용하여 4영업일에 환매금액 지급,20
FUND000075,KR518101002M,매입기준가,1. 17시 이전 : 자금을 납입하는 영업일(D)로 부터 제2영업일에 공고되는 기준가격을 적용 2. 17시 경과후 : 자금을 납입하는 영업일(D)로 부터 제3영업일에 공고되는 기준가격을 적용,5
FUND000075,KR518101002M,환매기준가,"1. 17시 이전 : 환매청구일(D)로 부터 제3영업일에 공 고되는 기준가격을 적용하여,제3영업일에 환매대금을 지급 2. 17시 경과후 : 환매청구일(D)로 부터 제4영업일에 공고되는 기준가격을 적용하여,제4영업일에 환매대금 을 지급",5
FUND000092,KR518101012M,매입기준가,ㆍ오후 5시 이전에 자금을 납입한 경우 : 자금을 납입한 영업일로부터 2영업일 (D+1)에 공고되는 기준가격을 적용하여 매입 ㆍ오후 5시 경과 후에 자금을 납입한 경 우 : 자금을 납입한 영업일로부터 3영업 일(D+2)에 공고되는 기준가격을 적용하여 매입,7
FUND000092,KR518101012M,환매기준가,ㆍ오후 5시 이전에 환매를 청구한 경우 : 환매청구일로부터 3영업일(D+2)에 공고되 는 기준가격을 적용. 3영업일(D+2)에 관련 세금 등을 공제한 후 환매대금을 지급 ㆍ오후 5시 경과 후에 환매를 청구한 경 우 : 환매청구일로부터 4영업일(D+3)에 공 고되는 기준가격을 적용. 4영업일(D+3)에 관련 세금 등을 공제한 후 환매대금을 지급,7
FUND000063,KR518102001M,매입기준가,1. 15시 30분 이전 : 자금을 납입하는 영업일(D)로 부터 제2영업일에 공고되는 기준가격을 적용 2. 15시 30분 경과후 : 자금을 납입하는 영업일(D)로 부터 제3영업일에 공고되는 기준가격을 적용,5
FUND000063,KR518102001M,환매기준가,"1. 15시 30분 이전 : 환매청구일(D)로 부터 제3영업일 에 공고되는 기준가격을 적용하여,제4영업일에 환매 대금을 지급 2. 15시 30분 경과후 : 환매청구일(D)로 부터 제4영업 일에 공고되는 기준가격을 적용하여,제5영업일에 환 매대금을 지급",5
FUND000085,KR5185450009,매입기준가,"매입청구시 적용되는 기준가격은 아래와 같으며, 기준시점은 판매회사의 전산시스템에 의하여 거래전표에 표시된 시간으로 구분하여 처리합니다. ① 오후 3시 30분 이전에 자금을 납입한 경우: 자금을 납입한 영업일로부터 제2영업일(D+1)에 공고되는 기준가격을 적용 ② 오후 3시 30분 경과 후에 자금을 납입한 경우: 자금을 납입한 영업일로부터 제3영업일(D+2)에 공고되는 기준가격을 적용 ③ 이 투자신탁을 최초로 설정하는 날의 기준가격은 1,000원으로 합니다. 2) 환매 중도환매가능 여부 및 환매수수료 부과여부는 아래와 같습니다. 중도환매 허용 중도환매 허용 중도환매 불가 (중도환매시 비용 발생) (중도환매시 비용 발생하지 않음) - - ○ 가. 수익증권의 환매 - 이 투자신탁의 수익증권은 판매회사 영업시간 중 판매회사 창구에서 직접 환매 청구하실 수 있습니다 또한, 판매회사에 따라 인터넷에서 온라인 환매청구를 할 수 있습니다. - 집합투자업자는 수익자가 이 투자신탁 수익증권의 환매를 청구한 경우 모투자신탁 수익증권의 환매대금으로 환매에 응하지 않을 특별한 사유가 없는 한 수익자가 환매를 청구한 날에 모투자신탁 수익증권의 환매를 청구하여야 합니다. 다만, 이 투자신탁이 보유중인 금전 등으로 환매에 충분히 응할 수 있는 경우에는 그러하지 아니할 수 있습니다.",21
FUND000085,KR5185450009,환매기준가,"환매청구시 적용되는 기준가격은 아래와 같으며, 기준시점은 판매회사의 전산시스템에 의하여 거래전표에 표시된 시간으로 구분하여 처리합니다. ① 오후 3시 30분 이전에 환매를 청구한 경우: 환매를 청구한 날로부터 제2영업일(D+1)에 공고되는 기준가격을 적용하여 제4영업일(D+3)에 관련세금등을 공제한 후 판매회사를 경유하여 환매대금을 지급합니다. ② 오후 3시 30분 경과 후에 환매를 청구한 경우: 환매를 청구한 날로부터 제3영업일(D+2)에 공고되는 기준가격을 적용하여 제4영업일(D+3)에 관련세금등을 공제한 후 판매회사를 경유하여 환매대금을 지급합니다. ③ 판매회사가 해산ᆞ인가취소, 업무정지 기타 법 시행령 제253조에서 정하는 사유(이하 “해산등”)로 인하여 환매청구에 응할 수 없는 경우에는 법 시행규칙에서 제23조에서 정하는 방법에 따라 집합투자업자에 직접 청구할 수 있으며, 집합투자업자가 해산 등으로 인하여 환매에 응할 수 없는 경우에는 신탁업자에 직접 청구할 수 있습니다.",22
FUND000015,KR5194450018,매입기준가,오후3시30분 이전(경과후) 제2(3)영업일 공고 기준가격을 적용하여 매입,7
FUND000015,KR5194450018,환매기준가,오후3시30분 이전(경과후) 제2(3)영업일 공고 기준가격을 적용하여 제4(4)영업일에 환매대금 지급,7
FUND000009,KR555202013M,매입기준가,‧ 오후 3시 30분 이전 : 2영업일 기준가 매입 ‧ 오후 3시 30분 이후 : 3영업일 기준가 매입,6
FUND000009,KR555202013M,환매기준가,① 오후 3시30분 이전 환매를 청구한 경우: 환매를 청구한 날로부터 제2영업일의 주권의 기준가격을 적용하여 제4영업일에 환매금액 지급 ② 오후 3시30분 경과 후 환매를 청구한 경우: 환매를 청구한 날로부터 제3영업일의 주권의 기준가 격을 적용하여 제4영업일에 환매금액 지급,19
